tickdate,symbol,value
"Jan 01, 2017",Bitcoin,15491200000
"Jan 02, 2017",Bitcoin,16055100000
"Jan 03, 2017",Bitcoin,16426600000
"Jan 04, 2017",Bitcoin,16795400000
"Jan 05, 2017",Bitcoin,18604000000
"Jan 06, 2017",Bitcoin,16314100000
"Jan 07, 2017",Bitcoin,14534400000
"Jan 08, 2017",Bitcoin,14611400000
"Jan 09, 2017",Bitcoin,14694900000
"Jan 10, 2017",Bitcoin,14522600000
"Jan 11, 2017",Bitcoin,14615700000
"Jan 12, 2017",Bitcoin,12477600000
"Jan 13, 2017",Bitcoin,12939100000
"Jan 14, 2017",Bitcoin,13285200000
"Jan 15, 2017",Bitcoin,13174300000
"Jan 16, 2017",Bitcoin,13234600000
"Jan 17, 2017",Bitcoin,13383900000
"Jan 18, 2017",Bitcoin,14648900000
"Jan 19, 2017",Bitcoin,14311700000
"Jan 20, 2017",Bitcoin,14472100000
"Jan 21, 2017",Bitcoin,14432000000
"Jan 22, 2017",Bitcoin,14863600000
"Jan 23, 2017",Bitcoin,14918800000
"Jan 24, 2017",Bitcoin,14681400000
"Jan 25, 2017",Bitcoin,14380700000
"Jan 26, 2017",Bitcoin,14551200000
"Jan 27, 2017",Bitcoin,14810400000
"Jan 28, 2017",Bitcoin,14835800000
"Jan 29, 2017",Bitcoin,14874000000
"Jan 30, 2017",Bitcoin,14844900000
"Jan 31, 2017",Bitcoin,14859700000
"Feb 01, 2017",Bitcoin,15667900000
"Feb 02, 2017",Bitcoin,15977800000
"Feb 03, 2017",Bitcoin,16326100000
"Feb 04, 2017",Bitcoin,16648800000
"Feb 05, 2017",Bitcoin,16847400000
"Feb 06, 2017",Bitcoin,16605400000
"Feb 07, 2017",Bitcoin,16796600000
"Feb 08, 2017",Bitcoin,17156700000
"Feb 09, 2017",Bitcoin,17197100000
"Feb 10, 2017",Bitcoin,16083600000
"Feb 11, 2017",Bitcoin,15976700000
"Feb 12, 2017",Bitcoin,16214700000
"Feb 13, 2017",Bitcoin,16141500000
"Feb 14, 2017",Bitcoin,16028000000
"Feb 15, 2017",Bitcoin,16264100000
"Feb 16, 2017",Bitcoin,16289100000
"Feb 17, 2017",Bitcoin,16589600000
"Feb 18, 2017",Bitcoin,16964800000
"Feb 19, 2017",Bitcoin,17056600000
"Feb 20, 2017",Bitcoin,16960200000
"Feb 21, 2017",Bitcoin,17456900000
"Feb 22, 2017",Bitcoin,18033400000
"Feb 23, 2017",Bitcoin,18075200000
"Feb 24, 2017",Bitcoin,18974400000
"Feb 25, 2017",Bitcoin,18939500000
"Feb 26, 2017",Bitcoin,18518900000
"Feb 27, 2017",Bitcoin,18837300000
"Feb 28, 2017",Bitcoin,19113600000
"Mar 01, 2017",Bitcoin,19104800000
"Mar 02, 2017",Bitcoin,19829800000
"Mar 03, 2017",Bitcoin,20253700000
"Mar 04, 2017",Bitcoin,20688800000
"Mar 05, 2017",Bitcoin,20316000000
"Mar 06, 2017",Bitcoin,20531900000
"Mar 07, 2017",Bitcoin,20627100000
"Mar 08, 2017",Bitcoin,19819800000
"Mar 09, 2017",Bitcoin,18640900000
"Mar 10, 2017",Bitcoin,19275300000
"Mar 11, 2017",Bitcoin,18093700000
"Mar 12, 2017",Bitcoin,19073300000
"Mar 13, 2017",Bitcoin,19807700000
"Mar 14, 2017",Bitcoin,19978200000
"Mar 15, 2017",Bitcoin,20110400000
"Mar 16, 2017",Bitcoin,20293700000
"Mar 17, 2017",Bitcoin,19141800000
"Mar 18, 2017",Bitcoin,17838700000
"Mar 19, 2017",Bitcoin,15846000000
"Mar 20, 2017",Bitcoin,16829800000
"Mar 21, 2017",Bitcoin,17125600000
"Mar 22, 2017",Bitcoin,18187100000
"Mar 23, 2017",Bitcoin,17043400000
"Mar 24, 2017",Bitcoin,16857000000
"Mar 25, 2017",Bitcoin,15204800000
"Mar 26, 2017",Bitcoin,15814800000
"Mar 27, 2017",Bitcoin,15785000000
"Mar 28, 2017",Bitcoin,16964500000
"Mar 29, 2017",Bitcoin,16990900000
"Mar 30, 2017",Bitcoin,16929800000
"Mar 31, 2017",Bitcoin,16679000000
"Apr 01, 2017",Bitcoin,17413000000
"Apr 02, 2017",Bitcoin,17559400000
"Apr 03, 2017",Bitcoin,17924600000
"Apr 04, 2017",Bitcoin,18619000000
"Apr 05, 2017",Bitcoin,18435700000
"Apr 06, 2017",Bitcoin,18302600000
"Apr 07, 2017",Bitcoin,19168500000
"Apr 08, 2017",Bitcoin,19068600000
"Apr 09, 2017",Bitcoin,19134400000
"Apr 10, 2017",Bitcoin,19311200000
"Apr 11, 2017",Bitcoin,19316000000
"Apr 12, 2017",Bitcoin,19600800000
"Apr 13, 2017",Bitcoin,19541300000
"Apr 14, 2017",Bitcoin,19043800000
"Apr 15, 2017",Bitcoin,18996500000
"Apr 16, 2017",Bitcoin,19085100000
"Apr 17, 2017",Bitcoin,19260500000
"Apr 18, 2017",Bitcoin,19433800000
"Apr 19, 2017",Bitcoin,19734800000
"Apr 20, 2017",Bitcoin,19719900000
"Apr 21, 2017",Bitcoin,20020700000
"Apr 22, 2017",Bitcoin,19913900000
"Apr 23, 2017",Bitcoin,20066200000
"Apr 24, 2017",Bitcoin,19705400000
"Apr 25, 2017",Bitcoin,20372300000
"Apr 26, 2017",Bitcoin,20627900000
"Apr 27, 2017",Bitcoin,20889200000
"Apr 28, 2017",Bitcoin,21476000000
"Apr 29, 2017",Bitcoin,21479800000
"Apr 30, 2017",Bitcoin,21548400000
"May 01, 2017",Bitcoin,21981800000
"May 02, 2017",Bitcoin,23170200000
"May 03, 2017",Bitcoin,23707100000
"May 04, 2017",Bitcoin,24311900000
"May 05, 2017",Bitcoin,25133100000
"May 06, 2017",Bitcoin,25395600000
"May 07, 2017",Bitcoin,25768500000
"May 08, 2017",Bitcoin,26056500000
"May 09, 2017",Bitcoin,28132200000
"May 10, 2017",Bitcoin,28668100000
"May 11, 2017",Bitcoin,29060600000
"May 12, 2017",Bitcoin,30131100000
"May 13, 2017",Bitcoin,28132300000
"May 14, 2017",Bitcoin,29405100000
"May 15, 2017",Bitcoin,29532600000
"May 16, 2017",Bitcoin,28446300000
"May 17, 2017",Bitcoin,28204800000
"May 18, 2017",Bitcoin,29710500000
"May 19, 2017",Bitcoin,30999000000
"May 20, 2017",Bitcoin,32422400000
"May 21, 2017",Bitcoin,33779400000
"May 22, 2017",Bitcoin,33393600000
"May 23, 2017",Bitcoin,35822600000
"May 24, 2017",Bitcoin,37949200000
"May 25, 2017",Bitcoin,39995400000
"May 26, 2017",Bitcoin,37950600000
"May 27, 2017",Bitcoin,35917100000
"May 28, 2017",Bitcoin,33595900000
"May 29, 2017",Bitcoin,35323500000
"May 30, 2017",Bitcoin,36897000000
"May 31, 2017",Bitcoin,35786700000
"Jun 01, 2017",Bitcoin,37446200000
"Jun 02, 2017",Bitcoin,39344600000
"Jun 03, 2017",Bitcoin,40817100000
"Jun 04, 2017",Bitcoin,41708200000
"Jun 05, 2017",Bitcoin,41133900000
"Jun 06, 2017",Bitcoin,44061000000
"Jun 07, 2017",Bitcoin,46989800000
"Jun 08, 2017",Bitcoin,44557100000
"Jun 09, 2017",Bitcoin,45987100000
"Jun 10, 2017",Bitcoin,46331400000
"Jun 11, 2017",Bitcoin,48208700000
"Jun 12, 2017",Bitcoin,48391200000
"Jun 13, 2017",Bitcoin,43934100000
"Jun 14, 2017",Bitcoin,44528300000
"Jun 15, 2017",Bitcoin,40971300000
"Jun 16, 2017",Bitcoin,40484100000
"Jun 17, 2017",Bitcoin,41217200000
"Jun 18, 2017",Bitcoin,43539300000
"Jun 19, 2017",Bitcoin,41800600000
"Jun 20, 2017",Bitcoin,42498000000
"Jun 21, 2017",Bitcoin,44440800000
"Jun 22, 2017",Bitcoin,44143700000
"Jun 23, 2017",Bitcoin,44415900000
"Jun 24, 2017",Bitcoin,44932900000
"Jun 25, 2017",Bitcoin,42783800000
"Jun 26, 2017",Bitcoin,42514000000
"Jun 27, 2017",Bitcoin,40677900000
"Jun 28, 2017",Bitcoin,41906700000
"Jun 29, 2017",Bitcoin,42150300000
"Jun 30, 2017",Bitcoin,41689100000
"Jul 01, 2017",Bitcoin,40928200000
"Jul 02, 2017",Bitcoin,40010500000
"Jul 03, 2017",Bitcoin,41037200000
"Jul 04, 2017",Bitcoin,42067900000
"Jul 05, 2017",Bitcoin,42760800000
"Jul 06, 2017",Bitcoin,42851400000
"Jul 07, 2017",Bitcoin,42864200000
"Jul 08, 2017",Bitcoin,41417700000
"Jul 09, 2017",Bitcoin,42283200000
"Jul 10, 2017",Bitcoin,41509000000
"Jul 11, 2017",Bitcoin,39224200000
"Jul 12, 2017",Bitcoin,38355900000
"Jul 13, 2017",Bitcoin,39511000000
"Jul 14, 2017",Bitcoin,38823100000
"Jul 15, 2017",Bitcoin,36681300000
"Jul 16, 2017",Bitcoin,32767600000
"Jul 17, 2017",Bitcoin,31795000000
"Jul 18, 2017",Bitcoin,36749400000
"Jul 19, 2017",Bitcoin,38227800000
"Jul 20, 2017",Bitcoin,37356800000
"Jul 21, 2017",Bitcoin,46719000000
"Jul 22, 2017",Bitcoin,43929600000
"Jul 23, 2017",Bitcoin,46231100000
"Jul 24, 2017",Bitcoin,44995600000
"Jul 25, 2017",Bitcoin,45410100000
"Jul 26, 2017",Bitcoin,42455000000
"Jul 27, 2017",Bitcoin,41816500000
"Jul 28, 2017",Bitcoin,44144400000
"Jul 29, 2017",Bitcoin,46246700000
"Jul 30, 2017",Bitcoin,44890700000
"Jul 31, 2017",Bitcoin,45535800000
"Aug 01, 2017",Bitcoin,47321800000
"Aug 02, 2017",Bitcoin,44950800000
"Aug 03, 2017",Bitcoin,44666400000
"Aug 04, 2017",Bitcoin,46276200000
"Aug 05, 2017",Bitcoin,47778200000
"Aug 06, 2017",Bitcoin,53720900000
"Aug 07, 2017",Bitcoin,52987300000
"Aug 08, 2017",Bitcoin,55590300000
"Aug 09, 2017",Bitcoin,56424900000
"Aug 10, 2017",Bitcoin,55134700000
"Aug 11, 2017",Bitcoin,55668000000
"Aug 12, 2017",Bitcoin,60242100000
"Aug 13, 2017",Bitcoin,64034100000
"Aug 14, 2017",Bitcoin,67112300000
"Aug 15, 2017",Bitcoin,71425500000
"Aug 16, 2017",Bitcoin,69342700000
"Aug 17, 2017",Bitcoin,72389100000
"Aug 18, 2017",Bitcoin,71406500000
"Aug 19, 2017",Bitcoin,68333100000
"Aug 20, 2017",Bitcoin,69192700000
"Aug 21, 2017",Bitcoin,67567100000
"Aug 22, 2017",Bitcoin,66051000000
"Aug 23, 2017",Bitcoin,67553000000
"Aug 24, 2017",Bitcoin,68363900000
"Aug 25, 2017",Bitcoin,71595100000
"Aug 26, 2017",Bitcoin,72249100000
"Aug 27, 2017",Bitcoin,71809200000
"Aug 28, 2017",Bitcoin,72467900000
"Aug 29, 2017",Bitcoin,72553800000
"Aug 30, 2017",Bitcoin,75556600000
"Aug 31, 2017",Bitcoin,75322300000
"Sep 01, 2017",Bitcoin,77748400000
"Sep 02, 2017",Bitcoin,81060600000
"Sep 03, 2017",Bitcoin,75841700000
"Sep 04, 2017",Bitcoin,75955500000
"Sep 05, 2017",Bitcoin,69954400000
"Sep 06, 2017",Bitcoin,72418700000
"Sep 07, 2017",Bitcoin,75945000000
"Sep 08, 2017",Bitcoin,76220200000
"Sep 09, 2017",Bitcoin,70017200000
"Sep 10, 2017",Bitcoin,70018100000
"Sep 11, 2017",Bitcoin,68256000000
"Sep 12, 2017",Bitcoin,69033400000
"Sep 13, 2017",Bitcoin,68432200000
"Sep 14, 2017",Bitcoin,64191600000
"Sep 15, 2017",Bitcoin,52453500000
"Sep 16, 2017",Bitcoin,60271600000
"Sep 17, 2017",Bitcoin,59757800000
"Sep 18, 2017",Bitcoin,59514100000
"Jan 01, 2017",Ethereum,698149000
"Jan 02, 2017",Ethereum,714900000
"Jan 03, 2017",Ethereum,732988000
"Jan 04, 2017",Ethereum,850115000
"Jan 05, 2017",Ethereum,988599000
"Jan 06, 2017",Ethereum,901249000
"Jan 07, 2017",Ethereum,897636000
"Jan 08, 2017",Ethereum,865667000
"Jan 09, 2017",Ethereum,904682000
"Jan 10, 2017",Ethereum,909897000
"Jan 11, 2017",Ethereum,925320000
"Jan 12, 2017",Ethereum,853638000
"Jan 13, 2017",Ethereum,863241000
"Jan 14, 2017",Ethereum,859971000
"Jan 15, 2017",Ethereum,864037000
"Jan 16, 2017",Ethereum,869126000
"Jan 17, 2017",Ethereum,847981000
"Jan 18, 2017",Ethereum,906079000
"Jan 19, 2017",Ethereum,901484000
"Jan 20, 2017",Ethereum,914696000
"Jan 21, 2017",Ethereum,933405000
"Jan 22, 2017",Ethereum,961463000
"Jan 23, 2017",Ethereum,944159000
"Jan 24, 2017",Ethereum,946083000
"Jan 25, 2017",Ethereum,936769000
"Jan 26, 2017",Ethereum,932575000
"Jan 27, 2017",Ethereum,934404000
"Jan 28, 2017",Ethereum,930688000
"Jan 29, 2017",Ethereum,933087000
"Jan 30, 2017",Ethereum,927415000
"Jan 31, 2017",Ethereum,933975000
"Feb 01, 2017",Ethereum,949969000
"Feb 02, 2017",Ethereum,949793000
"Feb 03, 2017",Ethereum,956944000
"Feb 04, 2017",Ethereum,985277000
"Feb 05, 2017",Ethereum,1013400000
"Feb 06, 2017",Ethereum,1005930000
"Feb 07, 2017",Ethereum,1012620000
"Feb 08, 2017",Ethereum,1023170000
"Feb 09, 2017",Ethereum,1014280000
"Feb 10, 2017",Ethereum,979961000
"Feb 11, 2017",Ethereum,1002130000
"Feb 12, 2017",Ethereum,1008030000
"Feb 13, 2017",Ethereum,1011080000
"Feb 14, 2017",Ethereum,1002810000
"Feb 15, 2017",Ethereum,1159000000
"Feb 16, 2017",Ethereum,1148860000
"Feb 17, 2017",Ethereum,1147260000
"Feb 18, 2017",Ethereum,1130750000
"Feb 19, 2017",Ethereum,1140870000
"Feb 20, 2017",Ethereum,1136610000
"Feb 21, 2017",Ethereum,1099330000
"Feb 22, 2017",Ethereum,1130460000
"Feb 23, 2017",Ethereum,1122910000
"Feb 24, 2017",Ethereum,1171110000
"Feb 25, 2017",Ethereum,1165230000
"Feb 26, 2017",Ethereum,1206150000
"Feb 27, 2017",Ethereum,1294770000
"Feb 28, 2017",Ethereum,1379600000
"Mar 01, 2017",Ethereum,1415510000
"Mar 02, 2017",Ethereum,1550750000
"Mar 03, 2017",Ethereum,1702140000
"Mar 04, 2017",Ethereum,1745140000
"Mar 05, 2017",Ethereum,1655030000
"Mar 06, 2017",Ethereum,1725360000
"Mar 07, 2017",Ethereum,1752530000
"Mar 08, 2017",Ethereum,1690760000
"Mar 09, 2017",Ethereum,1490500000
"Mar 10, 2017",Ethereum,1589640000
"Mar 11, 2017",Ethereum,1736630000
"Mar 12, 2017",Ethereum,1924660000
"Mar 13, 2017",Ethereum,2108300000
"Mar 14, 2017",Ethereum,2563700000
"Mar 15, 2017",Ethereum,2571160000
"Mar 16, 2017",Ethereum,3174750000
"Mar 17, 2017",Ethereum,4125480000
"Mar 18, 2017",Ethereum,4211830000
"Mar 19, 2017",Ethereum,3193600000
"Mar 20, 2017",Ethereum,4031270000
"Mar 21, 2017",Ethereum,3913620000
"Mar 22, 2017",Ethereum,3880120000
"Mar 23, 2017",Ethereum,3831310000
"Mar 24, 2017",Ethereum,3929230000
"Mar 25, 2017",Ethereum,4825700000
"Mar 26, 2017",Ethereum,4574540000
"Mar 27, 2017",Ethereum,4624990000
"Mar 28, 2017",Ethereum,4482160000
"Mar 29, 2017",Ethereum,4561150000
"Mar 30, 2017",Ethereum,4793280000
"Mar 31, 2017",Ethereum,4671190000
"Apr 01, 2017",Ethereum,4517510000
"Apr 02, 2017",Ethereum,4582700000
"Apr 03, 2017",Ethereum,4411030000
"Apr 04, 2017",Ethereum,3969730000
"Apr 05, 2017",Ethereum,4037940000
"Apr 06, 2017",Ethereum,4089930000
"Apr 07, 2017",Ethereum,3878210000
"Apr 08, 2017",Ethereum,3783000000
"Apr 09, 2017",Ethereum,4009010000
"Apr 10, 2017",Ethereum,3919520000
"Apr 11, 2017",Ethereum,3941100000
"Apr 12, 2017",Ethereum,3938930000
"Apr 13, 2017",Ethereum,4198420000
"Apr 14, 2017",Ethereum,4531810000
"Apr 15, 2017",Ethereum,4323100000
"Apr 16, 2017",Ethereum,4450140000
"Apr 17, 2017",Ethereum,4417310000
"Apr 18, 2017",Ethereum,4387860000
"Apr 19, 2017",Ethereum,4608260000
"Apr 20, 2017",Ethereum,4373800000
"Apr 21, 2017",Ethereum,4512610000
"Apr 22, 2017",Ethereum,4381290000
"Apr 23, 2017",Ethereum,4420040000
"Apr 24, 2017",Ethereum,4446470000
"Apr 25, 2017",Ethereum,4557870000
"Apr 26, 2017",Ethereum,4544370000
"Apr 27, 2017",Ethereum,4809630000
"Apr 28, 2017",Ethereum,5669550000
"Apr 29, 2017",Ethereum,6506490000
"Apr 30, 2017",Ethereum,6248840000
"May 01, 2017",Ethereum,7234070000
"May 02, 2017",Ethereum,6992980000
"May 03, 2017",Ethereum,7050050000
"May 04, 2017",Ethereum,7277480000
"May 05, 2017",Ethereum,8833520000
"May 06, 2017",Ethereum,8669910000
"May 07, 2017",Ethereum,8942950000
"May 08, 2017",Ethereum,8569060000
"May 09, 2017",Ethereum,8341490000
"May 10, 2017",Ethereum,8337180000
"May 11, 2017",Ethereum,8213570000
"May 12, 2017",Ethereum,8184930000
"May 13, 2017",Ethereum,8120390000
"May 14, 2017",Ethereum,8322380000
"May 15, 2017",Ethereum,8316930000
"May 16, 2017",Ethereum,8466470000
"May 17, 2017",Ethereum,8181520000
"May 18, 2017",Ethereum,8238110000
"May 19, 2017",Ethereum,8902240000
"May 20, 2017",Ethereum,11856600000
"May 21, 2017",Ethereum,11705700000
"May 22, 2017",Ethereum,14522100000
"May 23, 2017",Ethereum,15688000000
"May 24, 2017",Ethereum,16779700000
"May 25, 2017",Ethereum,17446600000
"May 26, 2017",Ethereum,16107000000
"May 27, 2017",Ethereum,14696000000
"May 28, 2017",Ethereum,14608600000
"May 29, 2017",Ethereum,15654600000
"May 30, 2017",Ethereum,18004700000
"May 31, 2017",Ethereum,21321900000
"Jun 01, 2017",Ethereum,21264800000
"Jun 02, 2017",Ethereum,20479000000
"Jun 03, 2017",Ethereum,20593500000
"Jun 04, 2017",Ethereum,20659800000
"Jun 05, 2017",Ethereum,22615800000
"Jun 06, 2017",Ethereum,22930400000
"Jun 07, 2017",Ethereum,24382200000
"Jun 08, 2017",Ethereum,23810900000
"Jun 09, 2017",Ethereum,24165000000
"Jun 10, 2017",Ethereum,26043700000
"Jun 11, 2017",Ethereum,31296800000
"Jun 12, 2017",Ethereum,31525300000
"Jun 13, 2017",Ethereum,36574500000
"Jun 14, 2017",Ethereum,36761600000
"Jun 15, 2017",Ethereum,33158200000
"Jun 16, 2017",Ethereum,33415800000
"Jun 17, 2017",Ethereum,34231300000
"Jun 18, 2017",Ethereum,35133800000
"Jun 19, 2017",Ethereum,34435700000
"Jun 20, 2017",Ethereum,34304000000
"Jun 21, 2017",Ethereum,33310500000
"Jun 22, 2017",Ethereum,31302600000
"Jun 23, 2017",Ethereum,31195900000
"Jun 24, 2017",Ethereum,31681300000
"Jun 25, 2017",Ethereum,30005900000
"Jun 26, 2017",Ethereum,28111200000
"Jun 27, 2017",Ethereum,25309700000
"Jun 28, 2017",Ethereum,27207000000
"Jun 29, 2017",Ethereum,30495300000
"Jun 30, 2017",Ethereum,28161900000
"Jul 01, 2017",Ethereum,27259400000
"Jul 02, 2017",Ethereum,25572800000
"Jul 03, 2017",Ethereum,26815900000
"Jul 04, 2017",Ethereum,26245000000
"Jul 05, 2017",Ethereum,25406900000
"Jul 06, 2017",Ethereum,25019500000
"Jul 07, 2017",Ethereum,25160800000
"Jul 08, 2017",Ethereum,22890700000
"Jul 09, 2017",Ethereum,23454700000
"Jul 10, 2017",Ethereum,22640500000
"Jul 11, 2017",Ethereum,19712300000
"Jul 12, 2017",Ethereum,18377600000
"Jul 13, 2017",Ethereum,21613900000
"Jul 14, 2017",Ethereum,19541300000
"Jul 15, 2017",Ethereum,18630200000
"Jul 16, 2017",Ethereum,15823100000
"Jul 17, 2017",Ethereum,14932700000
"Jul 18, 2017",Ethereum,18207400000
"Jul 19, 2017",Ethereum,21939300000
"Jul 20, 2017",Ethereum,19187800000
"Jul 21, 2017",Ethereum,21121100000
"Jul 22, 2017",Ethereum,20360100000
"Jul 23, 2017",Ethereum,21418300000
"Jul 24, 2017",Ethereum,21158500000
"Jul 25, 2017",Ethereum,20985200000
"Jul 26, 2017",Ethereum,19373400000
"Jul 27, 2017",Ethereum,19169800000
"Jul 28, 2017",Ethereum,19125100000
"Jul 29, 2017",Ethereum,18101800000
"Jul 30, 2017",Ethereum,19360900000
"Jul 31, 2017",Ethereum,18492000000
"Aug 01, 2017",Ethereum,19179100000
"Aug 02, 2017",Ethereum,21275200000
"Aug 03, 2017",Ethereum,20640100000
"Aug 04, 2017",Ethereum,21125600000
"Aug 05, 2017",Ethereum,20900000000
"Aug 06, 2017",Ethereum,24053500000
"Aug 07, 2017",Ethereum,24511000000
"Aug 08, 2017",Ethereum,25254600000
"Aug 09, 2017",Ethereum,27938700000
"Aug 10, 2017",Ethereum,27882200000
"Aug 11, 2017",Ethereum,27657000000
"Aug 12, 2017",Ethereum,28998700000
"Aug 13, 2017",Ethereum,29161100000
"Aug 14, 2017",Ethereum,28008700000
"Aug 15, 2017",Ethereum,28195800000
"Aug 16, 2017",Ethereum,27249700000
"Aug 17, 2017",Ethereum,28477500000
"Aug 18, 2017",Ethereum,28380200000
"Aug 19, 2017",Ethereum,27867900000
"Aug 20, 2017",Ethereum,27918100000
"Aug 21, 2017",Ethereum,28285500000
"Aug 22, 2017",Ethereum,30229900000
"Aug 23, 2017",Ethereum,29691900000
"Aug 24, 2017",Ethereum,29904600000
"Aug 25, 2017",Ethereum,30727900000
"Aug 26, 2017",Ethereum,31288300000
"Aug 27, 2017",Ethereum,31517500000
"Aug 28, 2017",Ethereum,33002700000
"Aug 29, 2017",Ethereum,32813200000
"Aug 30, 2017",Ethereum,34848400000
"Aug 31, 2017",Ethereum,35701500000
"Sep 01, 2017",Ethereum,36182900000
"Sep 02, 2017",Ethereum,36601200000
"Sep 03, 2017",Ethereum,33059800000
"Sep 04, 2017",Ethereum,32774000000
"Sep 05, 2017",Ethereum,28100000000
"Sep 06, 2017",Ethereum,29639100000
"Sep 07, 2017",Ethereum,31507500000
"Sep 08, 2017",Ethereum,31147200000
"Sep 09, 2017",Ethereum,27990500000
"Sep 10, 2017",Ethereum,27797200000
"Sep 11, 2017",Ethereum,27394400000
"Sep 12, 2017",Ethereum,27861800000
"Sep 13, 2017",Ethereum,27535700000
"Sep 14, 2017",Ethereum,26166100000
"Sep 15, 2017",Ethereum,20364900000
"Sep 16, 2017",Ethereum,23742600000
"Sep 17, 2017",Ethereum,23272500000
"Sep 18, 2017",Ethereum,23881200000
"Jan 01, 2017",Ripple,237032000
"Jan 02, 2017",Ripple,232067000
"Jan 03, 2017",Ripple,228578000
"Jan 04, 2017",Ripple,232030000
"Jan 05, 2017",Ripple,238808000
"Jan 06, 2017",Ripple,225184000
"Jan 07, 2017",Ripple,230770000
"Jan 08, 2017",Ripple,231946000
"Jan 09, 2017",Ripple,226700000
"Jan 10, 2017",Ripple,223720000
"Jan 11, 2017",Ripple,243761000
"Jan 12, 2017",Ripple,233170000
"Jan 13, 2017",Ripple,236592000
"Jan 14, 2017",Ripple,243056000
"Jan 15, 2017",Ripple,252519000
"Jan 16, 2017",Ripple,248106000
"Jan 17, 2017",Ripple,249018000
"Jan 18, 2017",Ripple,249667000
"Jan 19, 2017",Ripple,246854000
"Jan 20, 2017",Ripple,259186000
"Jan 21, 2017",Ripple,246709000
"Jan 22, 2017",Ripple,247165000
"Jan 23, 2017",Ripple,247604000
"Jan 24, 2017",Ripple,247242000
"Jan 25, 2017",Ripple,240565000
"Jan 26, 2017",Ripple,239951000
"Jan 27, 2017",Ripple,246404000
"Jan 28, 2017",Ripple,236216000
"Jan 29, 2017",Ripple,234254000
"Jan 30, 2017",Ripple,235961000
"Jan 31, 2017",Ripple,235508000
"Feb 01, 2017",Ripple,232609000
"Feb 02, 2017",Ripple,241026000
"Feb 03, 2017",Ripple,238302000
"Feb 04, 2017",Ripple,239094000
"Feb 05, 2017",Ripple,239337000
"Feb 06, 2017",Ripple,237318000
"Feb 07, 2017",Ripple,237240000
"Feb 08, 2017",Ripple,236123000
"Feb 09, 2017",Ripple,237091000
"Feb 10, 2017",Ripple,235873000
"Feb 11, 2017",Ripple,232996000
"Feb 12, 2017",Ripple,234436000
"Feb 13, 2017",Ripple,232161000
"Feb 14, 2017",Ripple,231161000
"Feb 15, 2017",Ripple,232611000
"Feb 16, 2017",Ripple,227363000
"Feb 17, 2017",Ripple,220014000
"Feb 18, 2017",Ripple,220370000
"Feb 19, 2017",Ripple,207033000
"Feb 20, 2017",Ripple,217802000
"Feb 21, 2017",Ripple,217476000
"Feb 22, 2017",Ripple,216670000
"Feb 23, 2017",Ripple,216920000
"Feb 24, 2017",Ripple,218525000
"Feb 25, 2017",Ripple,211712000
"Feb 26, 2017",Ripple,210392000
"Feb 27, 2017",Ripple,210425000
"Feb 28, 2017",Ripple,208297000
"Mar 01, 2017",Ripple,205222000
"Mar 02, 2017",Ripple,201301000
"Mar 03, 2017",Ripple,224009000
"Mar 04, 2017",Ripple,237670000
"Mar 05, 2017",Ripple,235301000
"Mar 06, 2017",Ripple,229280000
"Mar 07, 2017",Ripple,226570000
"Mar 08, 2017",Ripple,245051000
"Mar 09, 2017",Ripple,242570000
"Mar 10, 2017",Ripple,242488000
"Mar 11, 2017",Ripple,232266000
"Mar 12, 2017",Ripple,231721000
"Mar 13, 2017",Ripple,233853000
"Mar 14, 2017",Ripple,236634000
"Mar 15, 2017",Ripple,237552000
"Mar 16, 2017",Ripple,235622000
"Mar 17, 2017",Ripple,239193000
"Mar 18, 2017",Ripple,229142000
"Mar 19, 2017",Ripple,251511000
"Mar 20, 2017",Ripple,258208000
"Mar 21, 2017",Ripple,261234000
"Mar 22, 2017",Ripple,257915000
"Mar 23, 2017",Ripple,271965000
"Mar 24, 2017",Ripple,393620000
"Mar 25, 2017",Ripple,392674000
"Mar 26, 2017",Ripple,342448000
"Mar 27, 2017",Ripple,354514000
"Mar 28, 2017",Ripple,357724000
"Mar 29, 2017",Ripple,356171000
"Mar 30, 2017",Ripple,378563000
"Mar 31, 2017",Ripple,487885000
"Apr 01, 2017",Ripple,812963000
"Apr 02, 2017",Ripple,820232000
"Apr 03, 2017",Ripple,2261800000
"Apr 04, 2017",Ripple,1239170000
"Apr 05, 2017",Ripple,1402530000
"Apr 06, 2017",Ripple,1338210000
"Apr 07, 2017",Ripple,1228290000
"Apr 08, 2017",Ripple,1363900000
"Apr 09, 2017",Ripple,1343050000
"Apr 10, 2017",Ripple,1280150000
"Apr 11, 2017",Ripple,1263420000
"Apr 12, 2017",Ripple,1238110000
"Apr 13, 2017",Ripple,1292790000
"Apr 14, 2017",Ripple,1285920000
"Apr 15, 2017",Ripple,1258400000
"Apr 16, 2017",Ripple,1271610000
"Apr 17, 2017",Ripple,1253560000
"Apr 18, 2017",Ripple,1262530000
"Apr 19, 2017",Ripple,1245350000
"Apr 20, 2017",Ripple,1135700000
"Apr 21, 2017",Ripple,1126210000
"Apr 22, 2017",Ripple,1254840000
"Apr 23, 2017",Ripple,1207680000
"Apr 24, 2017",Ripple,1183370000
"Apr 25, 2017",Ripple,1189920000
"Apr 26, 2017",Ripple,1227080000
"Apr 27, 2017",Ripple,1243640000
"Apr 28, 2017",Ripple,1320040000
"Apr 29, 2017",Ripple,1688070000
"Apr 30, 2017",Ripple,2000600000
"May 01, 2017",Ripple,1954090000
"May 02, 2017",Ripple,2070240000
"May 03, 2017",Ripple,2042180000
"May 04, 2017",Ripple,2313340000
"May 05, 2017",Ripple,3045130000
"May 06, 2017",Ripple,3546160000
"May 07, 2017",Ripple,3868770000
"May 08, 2017",Ripple,5375270000
"May 09, 2017",Ripple,7560680000
"May 10, 2017",Ripple,6014860000
"May 11, 2017",Ripple,7023110000
"May 12, 2017",Ripple,7000780000
"May 13, 2017",Ripple,7917710000
"May 14, 2017",Ripple,8242620000
"May 15, 2017",Ripple,8429940000
"May 16, 2017",Ripple,10335800000
"May 17, 2017",Ripple,13603300000
"May 18, 2017",Ripple,15128200000
"May 19, 2017",Ripple,14006800000
"May 20, 2017",Ripple,12663000000
"May 21, 2017",Ripple,13608300000
"May 22, 2017",Ripple,13039500000
"May 23, 2017",Ripple,12074100000
"May 24, 2017",Ripple,12525200000
"May 25, 2017",Ripple,11245100000
"May 26, 2017",Ripple,9374260000
"May 27, 2017",Ripple,10430500000
"May 28, 2017",Ripple,8142790000
"May 29, 2017",Ripple,8689830000
"May 30, 2017",Ripple,8881150000
"May 31, 2017",Ripple,7854880000
"Jun 01, 2017",Ripple,9330770000
"Jun 02, 2017",Ripple,12885900000
"Jun 03, 2017",Ripple,11604300000
"Jun 04, 2017",Ripple,11524200000
"Jun 05, 2017",Ripple,11581200000
"Jun 06, 2017",Ripple,11355900000
"Jun 07, 2017",Ripple,10994700000
"Jun 08, 2017",Ripple,10848900000
"Jun 09, 2017",Ripple,11115900000
"Jun 10, 2017",Ripple,10953900000
"Jun 11, 2017",Ripple,9943590000
"Jun 12, 2017",Ripple,10466000000
"Jun 13, 2017",Ripple,9728120000
"Jun 14, 2017",Ripple,10188000000
"Jun 15, 2017",Ripple,10662200000
"Jun 16, 2017",Ripple,9935290000
"Jun 17, 2017",Ripple,10045800000
"Jun 18, 2017",Ripple,10265000000
"Jun 19, 2017",Ripple,10873600000
"Jun 20, 2017",Ripple,11188200000
"Jun 21, 2017",Ripple,12429900000
"Jun 22, 2017",Ripple,11482700000
"Jun 23, 2017",Ripple,11400100000
"Jun 24, 2017",Ripple,12222100000
"Jun 25, 2017",Ripple,11901600000
"Jun 26, 2017",Ripple,11440300000
"Jun 27, 2017",Ripple,10617700000
"Jun 28, 2017",Ripple,10545100000
"Jun 29, 2017",Ripple,10743200000
"Jun 30, 2017",Ripple,10187800000
"Jul 01, 2017",Ripple,10065100000
"Jul 02, 2017",Ripple,9745600000
"Jul 03, 2017",Ripple,9916580000
"Jul 04, 2017",Ripple,9949670000
"Jul 05, 2017",Ripple,9769110000
"Jul 06, 2017",Ripple,9816910000
"Jul 07, 2017",Ripple,9758870000
"Jul 08, 2017",Ripple,9180000000
"Jul 09, 2017",Ripple,9070620000
"Jul 10, 2017",Ripple,8962770000
"Jul 11, 2017",Ripple,7520990000
"Jul 12, 2017",Ripple,7053180000
"Jul 13, 2017",Ripple,7883170000
"Jul 14, 2017",Ripple,7689650000
"Jul 15, 2017",Ripple,7312750000
"Jul 16, 2017",Ripple,6489640000
"Jul 17, 2017",Ripple,5749320000
"Jul 18, 2017",Ripple,6879740000
"Jul 19, 2017",Ripple,7217840000
"Jul 20, 2017",Ripple,6510190000
"Jul 21, 2017",Ripple,7253530000
"Jul 22, 2017",Ripple,6975460000
"Jul 23, 2017",Ripple,7411980000
"Jul 24, 2017",Ripple,7466020000
"Jul 25, 2017",Ripple,7370540000
"Jul 26, 2017",Ripple,6807110000
"Jul 27, 2017",Ripple,6716190000
"Jul 28, 2017",Ripple,6639700000
"Jul 29, 2017",Ripple,6333340000
"Jul 30, 2017",Ripple,6497250000
"Jul 31, 2017",Ripple,6326860000
"Aug 01, 2017",Ripple,6440860000
"Aug 02, 2017",Ripple,6805300000
"Aug 03, 2017",Ripple,6639970000
"Aug 04, 2017",Ripple,6693120000
"Aug 05, 2017",Ripple,6666640000
"Aug 06, 2017",Ripple,7108860000
"Aug 07, 2017",Ripple,6891020000
"Aug 08, 2017",Ripple,6886620000
"Aug 09, 2017",Ripple,7382220000
"Aug 10, 2017",Ripple,7023380000
"Aug 11, 2017",Ripple,6910180000
"Aug 12, 2017",Ripple,6873590000
"Aug 13, 2017",Ripple,6655930000
"Aug 14, 2017",Ripple,6457680000
"Aug 15, 2017",Ripple,6510400000
"Aug 16, 2017",Ripple,6182490000
"Aug 17, 2017",Ripple,6165190000
"Aug 18, 2017",Ripple,6024470000
"Aug 19, 2017",Ripple,6117890000
"Aug 20, 2017",Ripple,5926770000
"Aug 21, 2017",Ripple,6074040000
"Aug 22, 2017",Ripple,7475950000
"Aug 23, 2017",Ripple,9240380000
"Aug 24, 2017",Ripple,9676890000
"Aug 25, 2017",Ripple,8328300000
"Aug 26, 2017",Ripple,8368790000
"Aug 27, 2017",Ripple,8152540000
"Aug 28, 2017",Ripple,7800090000
"Aug 29, 2017",Ripple,8590000000
"Aug 30, 2017",Ripple,8392340000
"Aug 31, 2017",Ripple,8725450000
"Sep 01, 2017",Ripple,9808460000
"Sep 02, 2017",Ripple,9560940000
"Sep 03, 2017",Ripple,8712840000
"Sep 04, 2017",Ripple,8772340000
"Sep 05, 2017",Ripple,7864700000
"Sep 06, 2017",Ripple,8242060000
"Sep 07, 2017",Ripple,8680360000
"Sep 08, 2017",Ripple,8574260000
"Sep 09, 2017",Ripple,8101800000
"Sep 10, 2017",Ripple,8037080000
"Sep 11, 2017",Ripple,8148560000
"Sep 12, 2017",Ripple,8238550000
"Sep 13, 2017",Ripple,8038030000
"Sep 14, 2017",Ripple,7685140000
"Sep 15, 2017",Ripple,6328090000
"Sep 16, 2017",Ripple,6975690000
"Sep 17, 2017",Ripple,6839640000
"Sep 18, 2017",Ripple,6837060000
"Jan 01, 2017",BitcoinCash,
"Jan 02, 2017",BitcoinCash,
"Jan 03, 2017",BitcoinCash,
"Jan 04, 2017",BitcoinCash,
"Jan 05, 2017",BitcoinCash,
"Jan 06, 2017",BitcoinCash,
"Jan 07, 2017",BitcoinCash,
"Jan 08, 2017",BitcoinCash,
"Jan 09, 2017",BitcoinCash,
"Jan 10, 2017",BitcoinCash,
"Jan 11, 2017",BitcoinCash,
"Jan 12, 2017",BitcoinCash,
"Jan 13, 2017",BitcoinCash,
"Jan 14, 2017",BitcoinCash,
"Jan 15, 2017",BitcoinCash,
"Jan 16, 2017",BitcoinCash,
"Jan 17, 2017",BitcoinCash,
"Jan 18, 2017",BitcoinCash,
"Jan 19, 2017",BitcoinCash,
"Jan 20, 2017",BitcoinCash,
"Jan 21, 2017",BitcoinCash,
"Jan 22, 2017",BitcoinCash,
"Jan 23, 2017",BitcoinCash,
"Jan 24, 2017",BitcoinCash,
"Jan 25, 2017",BitcoinCash,
"Jan 26, 2017",BitcoinCash,
"Jan 27, 2017",BitcoinCash,
"Jan 28, 2017",BitcoinCash,
"Jan 29, 2017",BitcoinCash,
"Jan 30, 2017",BitcoinCash,
"Jan 31, 2017",BitcoinCash,
"Feb 01, 2017",BitcoinCash,
"Feb 02, 2017",BitcoinCash,
"Feb 03, 2017",BitcoinCash,
"Feb 04, 2017",BitcoinCash,
"Feb 05, 2017",BitcoinCash,
"Feb 06, 2017",BitcoinCash,
"Feb 07, 2017",BitcoinCash,
"Feb 08, 2017",BitcoinCash,
"Feb 09, 2017",BitcoinCash,
"Feb 10, 2017",BitcoinCash,
"Feb 11, 2017",BitcoinCash,
"Feb 12, 2017",BitcoinCash,
"Feb 13, 2017",BitcoinCash,
"Feb 14, 2017",BitcoinCash,
"Feb 15, 2017",BitcoinCash,
"Feb 16, 2017",BitcoinCash,
"Feb 17, 2017",BitcoinCash,
"Feb 18, 2017",BitcoinCash,
"Feb 19, 2017",BitcoinCash,
"Feb 20, 2017",BitcoinCash,
"Feb 21, 2017",BitcoinCash,
"Feb 22, 2017",BitcoinCash,
"Feb 23, 2017",BitcoinCash,
"Feb 24, 2017",BitcoinCash,
"Feb 25, 2017",BitcoinCash,
"Feb 26, 2017",BitcoinCash,
"Feb 27, 2017",BitcoinCash,
"Feb 28, 2017",BitcoinCash,
"Mar 01, 2017",BitcoinCash,
"Mar 02, 2017",BitcoinCash,
"Mar 03, 2017",BitcoinCash,
"Mar 04, 2017",BitcoinCash,
"Mar 05, 2017",BitcoinCash,
"Mar 06, 2017",BitcoinCash,
"Mar 07, 2017",BitcoinCash,
"Mar 08, 2017",BitcoinCash,
"Mar 09, 2017",BitcoinCash,
"Mar 10, 2017",BitcoinCash,
"Mar 11, 2017",BitcoinCash,
"Mar 12, 2017",BitcoinCash,
"Mar 13, 2017",BitcoinCash,
"Mar 14, 2017",BitcoinCash,
"Mar 15, 2017",BitcoinCash,
"Mar 16, 2017",BitcoinCash,
"Mar 17, 2017",BitcoinCash,
"Mar 18, 2017",BitcoinCash,
"Mar 19, 2017",BitcoinCash,
"Mar 20, 2017",BitcoinCash,
"Mar 21, 2017",BitcoinCash,
"Mar 22, 2017",BitcoinCash,
"Mar 23, 2017",BitcoinCash,
"Mar 24, 2017",BitcoinCash,
"Mar 25, 2017",BitcoinCash,
"Mar 26, 2017",BitcoinCash,
"Mar 27, 2017",BitcoinCash,
"Mar 28, 2017",BitcoinCash,
"Mar 29, 2017",BitcoinCash,
"Mar 30, 2017",BitcoinCash,
"Mar 31, 2017",BitcoinCash,
"Apr 01, 2017",BitcoinCash,
"Apr 02, 2017",BitcoinCash,
"Apr 03, 2017",BitcoinCash,
"Apr 04, 2017",BitcoinCash,
"Apr 05, 2017",BitcoinCash,
"Apr 06, 2017",BitcoinCash,
"Apr 07, 2017",BitcoinCash,
"Apr 08, 2017",BitcoinCash,
"Apr 09, 2017",BitcoinCash,
"Apr 10, 2017",BitcoinCash,
"Apr 11, 2017",BitcoinCash,
"Apr 12, 2017",BitcoinCash,
"Apr 13, 2017",BitcoinCash,
"Apr 14, 2017",BitcoinCash,
"Apr 15, 2017",BitcoinCash,
"Apr 16, 2017",BitcoinCash,
"Apr 17, 2017",BitcoinCash,
"Apr 18, 2017",BitcoinCash,
"Apr 19, 2017",BitcoinCash,
"Apr 20, 2017",BitcoinCash,
"Apr 21, 2017",BitcoinCash,
"Apr 22, 2017",BitcoinCash,
"Apr 23, 2017",BitcoinCash,
"Apr 24, 2017",BitcoinCash,
"Apr 25, 2017",BitcoinCash,
"Apr 26, 2017",BitcoinCash,
"Apr 27, 2017",BitcoinCash,
"Apr 28, 2017",BitcoinCash,
"Apr 29, 2017",BitcoinCash,
"Apr 30, 2017",BitcoinCash,
"May 01, 2017",BitcoinCash,
"May 02, 2017",BitcoinCash,
"May 03, 2017",BitcoinCash,
"May 04, 2017",BitcoinCash,
"May 05, 2017",BitcoinCash,
"May 06, 2017",BitcoinCash,
"May 07, 2017",BitcoinCash,
"May 08, 2017",BitcoinCash,
"May 09, 2017",BitcoinCash,
"May 10, 2017",BitcoinCash,
"May 11, 2017",BitcoinCash,
"May 12, 2017",BitcoinCash,
"May 13, 2017",BitcoinCash,
"May 14, 2017",BitcoinCash,
"May 15, 2017",BitcoinCash,
"May 16, 2017",BitcoinCash,
"May 17, 2017",BitcoinCash,
"May 18, 2017",BitcoinCash,
"May 19, 2017",BitcoinCash,
"May 20, 2017",BitcoinCash,
"May 21, 2017",BitcoinCash,
"May 22, 2017",BitcoinCash,
"May 23, 2017",BitcoinCash,
"May 24, 2017",BitcoinCash,
"May 25, 2017",BitcoinCash,
"May 26, 2017",BitcoinCash,
"May 27, 2017",BitcoinCash,
"May 28, 2017",BitcoinCash,
"May 29, 2017",BitcoinCash,
"May 30, 2017",BitcoinCash,
"May 31, 2017",BitcoinCash,
"Jun 01, 2017",BitcoinCash,
"Jun 02, 2017",BitcoinCash,
"Jun 03, 2017",BitcoinCash,
"Jun 04, 2017",BitcoinCash,
"Jun 05, 2017",BitcoinCash,
"Jun 06, 2017",BitcoinCash,
"Jun 07, 2017",BitcoinCash,
"Jun 08, 2017",BitcoinCash,
"Jun 09, 2017",BitcoinCash,
"Jun 10, 2017",BitcoinCash,
"Jun 11, 2017",BitcoinCash,
"Jun 12, 2017",BitcoinCash,
"Jun 13, 2017",BitcoinCash,
"Jun 14, 2017",BitcoinCash,
"Jun 15, 2017",BitcoinCash,
"Jun 16, 2017",BitcoinCash,
"Jun 17, 2017",BitcoinCash,
"Jun 18, 2017",BitcoinCash,
"Jun 19, 2017",BitcoinCash,
"Jun 20, 2017",BitcoinCash,
"Jun 21, 2017",BitcoinCash,
"Jun 22, 2017",BitcoinCash,
"Jun 23, 2017",BitcoinCash,
"Jun 24, 2017",BitcoinCash,
"Jun 25, 2017",BitcoinCash,
"Jun 26, 2017",BitcoinCash,
"Jun 27, 2017",BitcoinCash,
"Jun 28, 2017",BitcoinCash,
"Jun 29, 2017",BitcoinCash,
"Jun 30, 2017",BitcoinCash,
"Jul 01, 2017",BitcoinCash,
"Jul 02, 2017",BitcoinCash,
"Jul 03, 2017",BitcoinCash,
"Jul 04, 2017",BitcoinCash,
"Jul 05, 2017",BitcoinCash,
"Jul 06, 2017",BitcoinCash,
"Jul 07, 2017",BitcoinCash,
"Jul 08, 2017",BitcoinCash,
"Jul 09, 2017",BitcoinCash,
"Jul 10, 2017",BitcoinCash,
"Jul 11, 2017",BitcoinCash,
"Jul 12, 2017",BitcoinCash,
"Jul 13, 2017",BitcoinCash,
"Jul 14, 2017",BitcoinCash,
"Jul 15, 2017",BitcoinCash,
"Jul 16, 2017",BitcoinCash,
"Jul 17, 2017",BitcoinCash,
"Jul 18, 2017",BitcoinCash,
"Jul 19, 2017",BitcoinCash,
"Jul 20, 2017",BitcoinCash,
"Jul 21, 2017",BitcoinCash,
"Jul 22, 2017",BitcoinCash,
"Jul 23, 2017",BitcoinCash,
"Jul 24, 2017",BitcoinCash,
"Jul 25, 2017",BitcoinCash,
"Jul 26, 2017",BitcoinCash,
"Jul 27, 2017",BitcoinCash,
"Jul 28, 2017",BitcoinCash,
"Jul 29, 2017",BitcoinCash,
"Jul 30, 2017",BitcoinCash,
"Jul 31, 2017",BitcoinCash,
"Aug 01, 2017",BitcoinCash,
"Aug 02, 2017",BitcoinCash,6302360000
"Aug 03, 2017",BitcoinCash,7392030000
"Aug 04, 2017",BitcoinCash,5969720000
"Aug 05, 2017",BitcoinCash,3809330000
"Aug 06, 2017",BitcoinCash,3497290000
"Aug 07, 2017",BitcoinCash,3688360000
"Aug 08, 2017",BitcoinCash,5297390000
"Aug 09, 2017",BitcoinCash,5691960000
"Aug 10, 2017",BitcoinCash,5031790000
"Aug 11, 2017",BitcoinCash,4548600000
"Aug 12, 2017",BitcoinCash,5405200000
"Aug 13, 2017",BitcoinCash,5215330000
"Aug 14, 2017",BitcoinCash,4882720000
"Aug 15, 2017",BitcoinCash,4917480000
"Aug 16, 2017",BitcoinCash,4914350000
"Aug 17, 2017",BitcoinCash,4964980000
"Aug 18, 2017",BitcoinCash,7565590000
"Aug 19, 2017",BitcoinCash,11498100000
"Aug 20, 2017",BitcoinCash,12742600000
"Aug 21, 2017",BitcoinCash,11943100000
"Aug 22, 2017",BitcoinCash,9844620000
"Aug 23, 2017",BitcoinCash,11416800000
"Aug 24, 2017",BitcoinCash,11071100000
"Aug 25, 2017",BitcoinCash,10365600000
"Aug 26, 2017",BitcoinCash,10616100000
"Aug 27, 2017",BitcoinCash,10357000000
"Aug 28, 2017",BitcoinCash,10254800000
"Aug 29, 2017",BitcoinCash,9866110000
"Aug 30, 2017",BitcoinCash,9092300000
"Aug 31, 2017",BitcoinCash,9538750000
"Sep 01, 2017",BitcoinCash,9740460000
"Sep 02, 2017",BitcoinCash,10297000000
"Sep 03, 2017",BitcoinCash,9574520000
"Sep 04, 2017",BitcoinCash,10072200000
"Sep 05, 2017",BitcoinCash,8527100000
"Sep 06, 2017",BitcoinCash,8964700000
"Sep 07, 2017",BitcoinCash,10548500000
"Sep 08, 2017",BitcoinCash,10840500000
"Sep 09, 2017",BitcoinCash,9688150000
"Sep 10, 2017",BitcoinCash,9055430000
"Sep 11, 2017",BitcoinCash,8902570000
"Sep 12, 2017",BitcoinCash,8934220000
"Sep 13, 2017",BitcoinCash,8445540000
"Sep 14, 2017",BitcoinCash,8359650000
"Sep 15, 2017",BitcoinCash,6126800000
"Sep 16, 2017",BitcoinCash,7039590000
"Sep 17, 2017",BitcoinCash,7279520000
"Sep 18, 2017",BitcoinCash,7001640000
"Jan 01, 2017",Dash,78350600
"Jan 02, 2017",Dash,78789700
"Jan 03, 2017",Dash,82603400
"Jan 04, 2017",Dash,89664000
"Jan 05, 2017",Dash,116187000
"Jan 06, 2017",Dash,101082000
"Jan 07, 2017",Dash,83814000
"Jan 08, 2017",Dash,87104800
"Jan 09, 2017",Dash,88154300
"Jan 10, 2017",Dash,84366800
"Jan 11, 2017",Dash,87501500
"Jan 12, 2017",Dash,79295200
"Jan 13, 2017",Dash,85789600
"Jan 14, 2017",Dash,88482900
"Jan 15, 2017",Dash,84869100
"Jan 16, 2017",Dash,86960200
"Jan 17, 2017",Dash,90828600
"Jan 18, 2017",Dash,100228000
"Jan 19, 2017",Dash,99371100
"Jan 20, 2017",Dash,106564000
"Jan 21, 2017",Dash,106916000
"Jan 22, 2017",Dash,105622000
"Jan 23, 2017",Dash,106549000
"Jan 24, 2017",Dash,106493000
"Jan 25, 2017",Dash,99366700
"Jan 26, 2017",Dash,102158000
"Jan 27, 2017",Dash,106228000
"Jan 28, 2017",Dash,108155000
"Jan 29, 2017",Dash,107705000
"Jan 30, 2017",Dash,109407000
"Jan 31, 2017",Dash,112498000
"Feb 01, 2017",Dash,113338000
"Feb 02, 2017",Dash,112934000
"Feb 03, 2017",Dash,115306000
"Feb 04, 2017",Dash,124173000
"Feb 05, 2017",Dash,124154000
"Feb 06, 2017",Dash,120894000
"Feb 07, 2017",Dash,121211000
"Feb 08, 2017",Dash,121430000
"Feb 09, 2017",Dash,122937000
"Feb 10, 2017",Dash,117570000
"Feb 11, 2017",Dash,118350000
"Feb 12, 2017",Dash,121667000
"Feb 13, 2017",Dash,119800000
"Feb 14, 2017",Dash,119626000
"Feb 15, 2017",Dash,128554000
"Feb 16, 2017",Dash,139499000
"Feb 17, 2017",Dash,138366000
"Feb 18, 2017",Dash,142505000
"Feb 19, 2017",Dash,152571000
"Feb 20, 2017",Dash,160743000
"Feb 21, 2017",Dash,153668000
"Feb 22, 2017",Dash,151098000
"Feb 23, 2017",Dash,157238000
"Feb 24, 2017",Dash,178372000
"Feb 25, 2017",Dash,186832000
"Feb 26, 2017",Dash,189992000
"Feb 27, 2017",Dash,200212000
"Feb 28, 2017",Dash,201326000
"Mar 01, 2017",Dash,232593000
"Mar 02, 2017",Dash,302911000
"Mar 03, 2017",Dash,314220000
"Mar 04, 2017",Dash,336628000
"Mar 05, 2017",Dash,307986000
"Mar 06, 2017",Dash,301783000
"Mar 07, 2017",Dash,332936000
"Mar 08, 2017",Dash,325712000
"Mar 09, 2017",Dash,302128000
"Mar 10, 2017",Dash,365561000
"Mar 11, 2017",Dash,360708000
"Mar 12, 2017",Dash,520543000
"Mar 13, 2017",Dash,551120000
"Mar 14, 2017",Dash,534395000
"Mar 15, 2017",Dash,638133000
"Mar 16, 2017",Dash,683888000
"Mar 17, 2017",Dash,642049000
"Mar 18, 2017",Dash,724518000
"Mar 19, 2017",Dash,771412000
"Mar 20, 2017",Dash,776036000
"Mar 21, 2017",Dash,717014000
"Mar 22, 2017",Dash,686887000
"Mar 23, 2017",Dash,727130000
"Mar 24, 2017",Dash,729578000
"Mar 25, 2017",Dash,696738000
"Mar 26, 2017",Dash,677736000
"Mar 27, 2017",Dash,673078000
"Mar 28, 2017",Dash,606012000
"Mar 29, 2017",Dash,631616000
"Mar 30, 2017",Dash,607325000
"Mar 31, 2017",Dash,572175000
"Apr 01, 2017",Dash,534806000
"Apr 02, 2017",Dash,491501000
"Apr 03, 2017",Dash,408589000
"Apr 04, 2017",Dash,456882000
"Apr 05, 2017",Dash,498097000
"Apr 06, 2017",Dash,537046000
"Apr 07, 2017",Dash,479637000
"Apr 08, 2017",Dash,476916000
"Apr 09, 2017",Dash,489452000
"Apr 10, 2017",Dash,467460000
"Apr 11, 2017",Dash,442808000
"Apr 12, 2017",Dash,438679000
"Apr 13, 2017",Dash,492196000
"Apr 14, 2017",Dash,524892000
"Apr 15, 2017",Dash,512034000
"Apr 16, 2017",Dash,542961000
"Apr 17, 2017",Dash,544956000
"Apr 18, 2017",Dash,547341000
"Apr 19, 2017",Dash,526688000
"Apr 20, 2017",Dash,522642000
"Apr 21, 2017",Dash,517733000
"Apr 22, 2017",Dash,513274000
"Apr 23, 2017",Dash,515838000
"Apr 24, 2017",Dash,499641000
"Apr 25, 2017",Dash,523445000
"Apr 26, 2017",Dash,522517000
"Apr 27, 2017",Dash,518868000
"Apr 28, 2017",Dash,566202000
"Apr 29, 2017",Dash,578278000
"Apr 30, 2017",Dash,684050000
"May 01, 2017",Dash,664545000
"May 02, 2017",Dash,638649000
"May 03, 2017",Dash,626662000
"May 04, 2017",Dash,655081000
"May 05, 2017",Dash,675223000
"May 06, 2017",Dash,721874000
"May 07, 2017",Dash,724648000
"May 08, 2017",Dash,775962000
"May 09, 2017",Dash,736626000
"May 10, 2017",Dash,676854000
"May 11, 2017",Dash,667796000
"May 12, 2017",Dash,669279000
"May 13, 2017",Dash,632643000
"May 14, 2017",Dash,653270000
"May 15, 2017",Dash,655801000
"May 16, 2017",Dash,669083000
"May 17, 2017",Dash,625221000
"May 18, 2017",Dash,607656000
"May 19, 2017",Dash,656468000
"May 20, 2017",Dash,722090000
"May 21, 2017",Dash,736086000
"May 22, 2017",Dash,743266000
"May 23, 2017",Dash,880270000
"May 24, 2017",Dash,1017440000
"May 25, 2017",Dash,1047690000
"May 26, 2017",Dash,868031000
"May 27, 2017",Dash,829763000
"May 28, 2017",Dash,735254000
"May 29, 2017",Dash,790454000
"May 30, 2017",Dash,858404000
"May 31, 2017",Dash,892886000
"Jun 01, 2017",Dash,1000300000
"Jun 02, 2017",Dash,1005050000
"Jun 03, 2017",Dash,1065460000
"Jun 04, 2017",Dash,1055520000
"Jun 05, 2017",Dash,1053050000
"Jun 06, 2017",Dash,1068210000
"Jun 07, 2017",Dash,1067130000
"Jun 08, 2017",Dash,1034920000
"Jun 09, 2017",Dash,1065470000
"Jun 10, 2017",Dash,1096550000
"Jun 11, 2017",Dash,1117860000
"Jun 12, 2017",Dash,1376490000
"Jun 13, 2017",Dash,1260370000
"Jun 14, 2017",Dash,1351820000
"Jun 15, 2017",Dash,1201030000
"Jun 16, 2017",Dash,1205110000
"Jun 17, 2017",Dash,1224440000
"Jun 18, 2017",Dash,1315450000
"Jun 19, 2017",Dash,1424100000
"Jun 20, 2017",Dash,1484670000
"Jun 21, 2017",Dash,1384740000
"Jun 22, 2017",Dash,1322590000
"Jun 23, 2017",Dash,1306270000
"Jun 24, 2017",Dash,1397190000
"Jun 25, 2017",Dash,1346200000
"Jun 26, 2017",Dash,1277190000
"Jun 27, 2017",Dash,1203160000
"Jun 28, 2017",Dash,1307820000
"Jun 29, 2017",Dash,1353710000
"Jun 30, 2017",Dash,1310690000
"Jul 01, 2017",Dash,1343300000
"Jul 02, 2017",Dash,1224910000
"Jul 03, 2017",Dash,1282650000
"Jul 04, 2017",Dash,1333710000
"Jul 05, 2017",Dash,1354980000
"Jul 06, 2017",Dash,1558330000
"Jul 07, 2017",Dash,1576370000
"Jul 08, 2017",Dash,1454000000
"Jul 09, 2017",Dash,1554430000
"Jul 10, 2017",Dash,1453580000
"Jul 11, 2017",Dash,1288140000
"Jul 12, 2017",Dash,1224620000
"Jul 13, 2017",Dash,1334790000
"Jul 14, 2017",Dash,1273130000
"Jul 15, 2017",Dash,1197760000
"Jul 16, 2017",Dash,1037360000
"Jul 17, 2017",Dash,983325000
"Jul 18, 2017",Dash,1148330000
"Jul 19, 2017",Dash,1174490000
"Jul 20, 2017",Dash,1151530000
"Jul 21, 2017",Dash,1402760000
"Jul 22, 2017",Dash,1384830000
"Jul 23, 2017",Dash,1451390000
"Jul 24, 2017",Dash,1422690000
"Jul 25, 2017",Dash,1519340000
"Jul 26, 2017",Dash,1456070000
"Jul 27, 2017",Dash,1453370000
"Jul 28, 2017",Dash,1445720000
"Jul 29, 2017",Dash,1379860000
"Jul 30, 2017",Dash,1382710000
"Jul 31, 2017",Dash,1291390000
"Aug 01, 2017",Dash,1336810000
"Aug 02, 2017",Dash,1381630000
"Aug 03, 2017",Dash,1367150000
"Aug 04, 2017",Dash,1395520000
"Aug 05, 2017",Dash,1397060000
"Aug 06, 2017",Dash,1447880000
"Aug 07, 2017",Dash,1413570000
"Aug 08, 2017",Dash,1470120000
"Aug 09, 2017",Dash,1524040000
"Aug 10, 2017",Dash,1493200000
"Aug 11, 2017",Dash,1502990000
"Aug 12, 2017",Dash,1543820000
"Aug 13, 2017",Dash,1539490000
"Aug 14, 2017",Dash,1485500000
"Aug 15, 2017",Dash,1496920000
"Aug 16, 2017",Dash,1527710000
"Aug 17, 2017",Dash,1736000000
"Aug 18, 2017",Dash,1753350000
"Aug 19, 2017",Dash,1685040000
"Aug 20, 2017",Dash,2162080000
"Aug 21, 2017",Dash,2204480000
"Aug 22, 2017",Dash,2103900000
"Aug 23, 2017",Dash,2180790000
"Aug 24, 2017",Dash,2200130000
"Aug 25, 2017",Dash,2388160000
"Aug 26, 2017",Dash,2369010000
"Aug 27, 2017",Dash,3009530000
"Aug 28, 2017",Dash,2725220000
"Aug 29, 2017",Dash,2685760000
"Aug 30, 2017",Dash,2704790000
"Aug 31, 2017",Dash,2773030000
"Sep 01, 2017",Dash,2844110000
"Sep 02, 2017",Dash,2962400000
"Sep 03, 2017",Dash,2670270000
"Sep 04, 2017",Dash,2689920000
"Sep 05, 2017",Dash,2388710000
"Sep 06, 2017",Dash,2474300000
"Sep 07, 2017",Dash,2612980000
"Sep 08, 2017",Dash,2591570000
"Sep 09, 2017",Dash,2527540000
"Sep 10, 2017",Dash,2439780000
"Sep 11, 2017",Dash,2431230000
"Sep 12, 2017",Dash,2404680000
"Sep 13, 2017",Dash,2452930000
"Sep 14, 2017",Dash,2275100000
"Sep 15, 2017",Dash,1784040000
"Sep 16, 2017",Dash,2150800000
"Sep 17, 2017",Dash,2257850000
"Sep 18, 2017",Dash,2359070000
"Jan 01, 2017",Litecoin,212691000
"Jan 02, 2017",Litecoin,222154000
"Jan 03, 2017",Litecoin,228878000
"Jan 04, 2017",Litecoin,227855000
"Jan 05, 2017",Litecoin,241730000
"Jan 06, 2017",Litecoin,211689000
"Jan 07, 2017",Litecoin,190143000
"Jan 08, 2017",Litecoin,194906000
"Jan 09, 2017",Litecoin,196828000
"Jan 10, 2017",Litecoin,211857000
"Jan 11, 2017",Litecoin,226517000
"Jan 12, 2017",Litecoin,189108000
"Jan 13, 2017",Litecoin,194684000
"Jan 14, 2017",Litecoin,191987000
"Jan 15, 2017",Litecoin,191859000
"Jan 16, 2017",Litecoin,193560000
"Jan 17, 2017",Litecoin,192814000
"Jan 18, 2017",Litecoin,194678000
"Jan 19, 2017",Litecoin,189782000
"Jan 20, 2017",Litecoin,190693000
"Jan 21, 2017",Litecoin,192408000
"Jan 22, 2017",Litecoin,192953000
"Jan 23, 2017",Litecoin,190717000
"Jan 24, 2017",Litecoin,189741000
"Jan 25, 2017",Litecoin,187625000
"Jan 26, 2017",Litecoin,183873000
"Jan 27, 2017",Litecoin,190149000
"Jan 28, 2017",Litecoin,190872000
"Jan 29, 2017",Litecoin,190873000
"Jan 30, 2017",Litecoin,191115000
"Jan 31, 2017",Litecoin,199116000
"Feb 01, 2017",Litecoin,202128000
"Feb 02, 2017",Litecoin,202147000
"Feb 03, 2017",Litecoin,202531000
"Feb 04, 2017",Litecoin,202727000
"Feb 05, 2017",Litecoin,201824000
"Feb 06, 2017",Litecoin,201525000
"Feb 07, 2017",Litecoin,201352000
"Feb 08, 2017",Litecoin,201226000
"Feb 09, 2017",Litecoin,200288000
"Feb 10, 2017",Litecoin,188981000
"Feb 11, 2017",Litecoin,187849000
"Feb 12, 2017",Litecoin,188829000
"Feb 13, 2017",Litecoin,187506000
"Feb 14, 2017",Litecoin,184921000
"Feb 15, 2017",Litecoin,187657000
"Feb 16, 2017",Litecoin,189087000
"Feb 17, 2017",Litecoin,188226000
"Feb 18, 2017",Litecoin,190755000
"Feb 19, 2017",Litecoin,189049000
"Feb 20, 2017",Litecoin,187912000
"Feb 21, 2017",Litecoin,187718000
"Feb 22, 2017",Litecoin,188961000
"Feb 23, 2017",Litecoin,189631000
"Feb 24, 2017",Litecoin,191226000
"Feb 25, 2017",Litecoin,192344000
"Feb 26, 2017",Litecoin,190585000
"Feb 27, 2017",Litecoin,190522000
"Feb 28, 2017",Litecoin,190098000
"Mar 01, 2017",Litecoin,188623000
"Mar 02, 2017",Litecoin,189785000
"Mar 03, 2017",Litecoin,196144000
"Mar 04, 2017",Litecoin,195730000
"Mar 05, 2017",Litecoin,193336000
"Mar 06, 2017",Litecoin,193846000
"Mar 07, 2017",Litecoin,194991000
"Mar 08, 2017",Litecoin,190712000
"Mar 09, 2017",Litecoin,188704000
"Mar 10, 2017",Litecoin,191858000
"Mar 11, 2017",Litecoin,188428000
"Mar 12, 2017",Litecoin,189874000
"Mar 13, 2017",Litecoin,192979000
"Mar 14, 2017",Litecoin,209412000
"Mar 15, 2017",Litecoin,203099000
"Mar 16, 2017",Litecoin,208204000
"Mar 17, 2017",Litecoin,212582000
"Mar 18, 2017",Litecoin,202967000
"Mar 19, 2017",Litecoin,198801000
"Mar 20, 2017",Litecoin,198555000
"Mar 21, 2017",Litecoin,202923000
"Mar 22, 2017",Litecoin,200521000
"Mar 23, 2017",Litecoin,197783000
"Mar 24, 2017",Litecoin,199924000
"Mar 25, 2017",Litecoin,205034000
"Mar 26, 2017",Litecoin,204723000
"Mar 27, 2017",Litecoin,204793000
"Mar 28, 2017",Litecoin,205012000
"Mar 29, 2017",Litecoin,208728000
"Mar 30, 2017",Litecoin,210627000
"Mar 31, 2017",Litecoin,353860000
"Apr 01, 2017",Litecoin,335526000
"Apr 02, 2017",Litecoin,346209000
"Apr 03, 2017",Litecoin,390802000
"Apr 04, 2017",Litecoin,409793000
"Apr 05, 2017",Litecoin,416432000
"Apr 06, 2017",Litecoin,561808000
"Apr 07, 2017",Litecoin,516533000
"Apr 08, 2017",Litecoin,471828000
"Apr 09, 2017",Litecoin,499887000
"Apr 10, 2017",Litecoin,440977000
"Apr 11, 2017",Litecoin,450735000
"Apr 12, 2017",Litecoin,446780000
"Apr 13, 2017",Litecoin,544751000
"Apr 14, 2017",Litecoin,512838000
"Apr 15, 2017",Litecoin,523678000
"Apr 16, 2017",Litecoin,544263000
"Apr 17, 2017",Litecoin,536824000
"Apr 18, 2017",Litecoin,528060000
"Apr 19, 2017",Litecoin,522923000
"Apr 20, 2017",Litecoin,488681000
"Apr 21, 2017",Litecoin,522165000
"Apr 22, 2017",Litecoin,567234000
"Apr 23, 2017",Litecoin,663271000
"Apr 24, 2017",Litecoin,709098000
"Apr 25, 2017",Litecoin,760872000
"Apr 26, 2017",Litecoin,772651000
"Apr 27, 2017",Litecoin,754472000
"Apr 28, 2017",Litecoin,741933000
"Apr 29, 2017",Litecoin,732129000
"Apr 30, 2017",Litecoin,798743000
"May 01, 2017",Litecoin,799215000
"May 02, 2017",Litecoin,810373000
"May 03, 2017",Litecoin,808247000
"May 04, 2017",Litecoin,1071840000
"May 05, 2017",Litecoin,1195810000
"May 06, 2017",Litecoin,1348870000
"May 07, 2017",Litecoin,1437700000
"May 08, 2017",Litecoin,1548860000
"May 09, 2017",Litecoin,1477510000
"May 10, 2017",Litecoin,1699070000
"May 11, 2017",Litecoin,1666830000
"May 12, 2017",Litecoin,1579240000
"May 13, 2017",Litecoin,1390150000
"May 14, 2017",Litecoin,1486220000
"May 15, 2017",Litecoin,1476700000
"May 16, 2017",Litecoin,1295310000
"May 17, 2017",Litecoin,1188550000
"May 18, 2017",Litecoin,1287210000
"May 19, 2017",Litecoin,1447310000
"May 20, 2017",Litecoin,1416690000
"May 21, 2017",Litecoin,1406610000
"May 22, 2017",Litecoin,1338680000
"May 23, 2017",Litecoin,1296170000
"May 24, 2017",Litecoin,1645910000
"May 25, 2017",Litecoin,1766650000
"May 26, 2017",Litecoin,1554680000
"May 27, 2017",Litecoin,1200170000
"May 28, 2017",Litecoin,1231490000
"May 29, 2017",Litecoin,1248110000
"May 30, 2017",Litecoin,1299460000
"May 31, 2017",Litecoin,1247240000
"Jun 01, 2017",Litecoin,1301540000
"Jun 02, 2017",Litecoin,1484470000
"Jun 03, 2017",Litecoin,1492070000
"Jun 04, 2017",Litecoin,1421270000
"Jun 05, 2017",Litecoin,1444260000
"Jun 06, 2017",Litecoin,1586150000
"Jun 07, 2017",Litecoin,1572550000
"Jun 08, 2017",Litecoin,1460360000
"Jun 09, 2017",Litecoin,1553630000
"Jun 10, 2017",Litecoin,1528070000
"Jun 11, 2017",Litecoin,1570430000
"Jun 12, 2017",Litecoin,1711460000
"Jun 13, 2017",Litecoin,1519410000
"Jun 14, 2017",Litecoin,1584220000
"Jun 15, 2017",Litecoin,1557670000
"Jun 16, 2017",Litecoin,1561380000
"Jun 17, 2017",Litecoin,1866370000
"Jun 18, 2017",Litecoin,2447790000
"Jun 19, 2017",Litecoin,2382490000
"Jun 20, 2017",Litecoin,2602590000
"Jun 21, 2017",Litecoin,2442610000
"Jun 22, 2017",Litecoin,2465100000
"Jun 23, 2017",Litecoin,2467280000
"Jun 24, 2017",Litecoin,2442000000
"Jun 25, 2017",Litecoin,2300180000
"Jun 26, 2017",Litecoin,2277350000
"Jun 27, 2017",Litecoin,2127600000
"Jun 28, 2017",Litecoin,2111870000
"Jun 29, 2017",Litecoin,2216710000
"Jun 30, 2017",Litecoin,2124870000
"Jul 01, 2017",Litecoin,2092370000
"Jul 02, 2017",Litecoin,2017570000
"Jul 03, 2017",Litecoin,2149160000
"Jul 04, 2017",Litecoin,2413260000
"Jul 05, 2017",Litecoin,2865630000
"Jul 06, 2017",Litecoin,2758680000
"Jul 07, 2017",Litecoin,2650900000
"Jul 08, 2017",Litecoin,2420160000
"Jul 09, 2017",Litecoin,2717950000
"Jul 10, 2017",Litecoin,2591230000
"Jul 11, 2017",Litecoin,2403210000
"Jul 12, 2017",Litecoin,2350960000
"Jul 13, 2017",Litecoin,2531820000
"Jul 14, 2017",Litecoin,2409670000
"Jul 15, 2017",Litecoin,2225560000
"Jul 16, 2017",Litecoin,2024150000
"Jul 17, 2017",Litecoin,2142760000
"Jul 18, 2017",Litecoin,2218090000
"Jul 19, 2017",Litecoin,2308550000
"Jul 20, 2017",Litecoin,2132670000
"Jul 21, 2017",Litecoin,2347580000
"Jul 22, 2017",Litecoin,2385020000
"Jul 23, 2017",Litecoin,2430320000
"Jul 24, 2017",Litecoin,2302370000
"Jul 25, 2017",Litecoin,2319870000
"Jul 26, 2017",Litecoin,2206000000
"Jul 27, 2017",Litecoin,2210020000
"Jul 28, 2017",Litecoin,2203520000
"Jul 29, 2017",Litecoin,2117650000
"Jul 30, 2017",Litecoin,2150970000
"Jul 31, 2017",Litecoin,2107540000
"Aug 01, 2017",Litecoin,2248110000
"Aug 02, 2017",Litecoin,2251650000
"Aug 03, 2017",Litecoin,2206190000
"Aug 04, 2017",Litecoin,2243440000
"Aug 05, 2017",Litecoin,2275090000
"Aug 06, 2017",Litecoin,2451490000
"Aug 07, 2017",Litecoin,2364540000
"Aug 08, 2017",Litecoin,2403230000
"Aug 09, 2017",Litecoin,2544750000
"Aug 10, 2017",Litecoin,2517300000
"Aug 11, 2017",Litecoin,2431830000
"Aug 12, 2017",Litecoin,2466360000
"Aug 13, 2017",Litecoin,2441760000
"Aug 14, 2017",Litecoin,2403870000
"Aug 15, 2017",Litecoin,2403520000
"Aug 16, 2017",Litecoin,2275660000
"Aug 17, 2017",Litecoin,2318000000
"Aug 18, 2017",Litecoin,2304770000
"Aug 19, 2017",Litecoin,2471190000
"Aug 20, 2017",Litecoin,2383680000
"Aug 21, 2017",Litecoin,2427130000
"Aug 22, 2017",Litecoin,2517440000
"Aug 23, 2017",Litecoin,2456090000
"Aug 24, 2017",Litecoin,2778190000
"Aug 25, 2017",Litecoin,2639490000
"Aug 26, 2017",Litecoin,2692560000
"Aug 27, 2017",Litecoin,2726990000
"Aug 28, 2017",Litecoin,3231200000
"Aug 29, 2017",Litecoin,3286610000
"Aug 30, 2017",Litecoin,3328240000
"Aug 31, 2017",Litecoin,3381750000
"Sep 01, 2017",Litecoin,3735870000
"Sep 02, 2017",Litecoin,4526680000
"Sep 03, 2017",Litecoin,4166600000
"Sep 04, 2017",Litecoin,4049140000
"Sep 05, 2017",Litecoin,3444150000
"Sep 06, 2017",Litecoin,3789670000
"Sep 07, 2017",Litecoin,4218690000
"Sep 08, 2017",Litecoin,4144630000
"Sep 09, 2017",Litecoin,3551950000
"Sep 10, 2017",Litecoin,3478400000
"Sep 11, 2017",Litecoin,3259510000
"Sep 12, 2017",Litecoin,3503300000
"Sep 13, 2017",Litecoin,3402820000
"Sep 14, 2017",Litecoin,3261960000
"Sep 15, 2017",Litecoin,2206520000
"Sep 16, 2017",Litecoin,2548580000
"Sep 17, 2017",Litecoin,2554450000
"Sep 18, 2017",Litecoin,2571070000
"Jan 01, 2017",NEM,33087800
"Jan 02, 2017",NEM,31006400
"Jan 03, 2017",NEM,30396000
"Jan 04, 2017",NEM,32151100
"Jan 05, 2017",NEM,34123700
"Jan 06, 2017",NEM,32693700
"Jan 07, 2017",NEM,29854700
"Jan 08, 2017",NEM,31574500
"Jan 09, 2017",NEM,30815200
"Jan 10, 2017",NEM,32458000
"Jan 11, 2017",NEM,32406900
"Jan 12, 2017",NEM,29643500
"Jan 13, 2017",NEM,31385200
"Jan 14, 2017",NEM,32410500
"Jan 15, 2017",NEM,33470900
"Jan 16, 2017",NEM,33006100
"Jan 17, 2017",NEM,33025300
"Jan 18, 2017",NEM,31752200
"Jan 19, 2017",NEM,31962200
"Jan 20, 2017",NEM,32249200
"Jan 21, 2017",NEM,31909200
"Jan 22, 2017",NEM,33176600
"Jan 23, 2017",NEM,33289600
"Jan 24, 2017",NEM,33236100
"Jan 25, 2017",NEM,35127500
"Jan 26, 2017",NEM,40937400
"Jan 27, 2017",NEM,46780000
"Jan 28, 2017",NEM,44998100
"Jan 29, 2017",NEM,43394900
"Jan 30, 2017",NEM,46560200
"Jan 31, 2017",NEM,47246900
"Feb 01, 2017",NEM,47197000
"Feb 02, 2017",NEM,49383300
"Feb 03, 2017",NEM,56648900
"Feb 04, 2017",NEM,62546400
"Feb 05, 2017",NEM,64686200
"Feb 06, 2017",NEM,57508500
"Feb 07, 2017",NEM,54395600
"Feb 08, 2017",NEM,63324500
"Feb 09, 2017",NEM,60055100
"Feb 10, 2017",NEM,56768200
"Feb 11, 2017",NEM,57016000
"Feb 12, 2017",NEM,62782200
"Feb 13, 2017",NEM,62188800
"Feb 14, 2017",NEM,59411200
"Feb 15, 2017",NEM,60562400
"Feb 16, 2017",NEM,63727000
"Feb 17, 2017",NEM,63265100
"Feb 18, 2017",NEM,64155300
"Feb 19, 2017",NEM,61765100
"Feb 20, 2017",NEM,57480300
"Feb 21, 2017",NEM,58872000
"Feb 22, 2017",NEM,56762200
"Feb 23, 2017",NEM,57403100
"Feb 24, 2017",NEM,61891200
"Feb 25, 2017",NEM,58994400
"Feb 26, 2017",NEM,57097300
"Feb 27, 2017",NEM,58115300
"Feb 28, 2017",NEM,57693900
"Mar 01, 2017",NEM,63121000
"Mar 02, 2017",NEM,70867600
"Mar 03, 2017",NEM,79174900
"Mar 04, 2017",NEM,79956200
"Mar 05, 2017",NEM,86360400
"Mar 06, 2017",NEM,99597600
"Mar 07, 2017",NEM,98602200
"Mar 08, 2017",NEM,98702100
"Mar 09, 2017",NEM,83721800
"Mar 10, 2017",NEM,81923800
"Mar 11, 2017",NEM,81563800
"Mar 12, 2017",NEM,88559500
"Mar 13, 2017",NEM,89178800
"Mar 14, 2017",NEM,98498700
"Mar 15, 2017",NEM,104547000
"Mar 16, 2017",NEM,101410000
"Mar 17, 2017",NEM,99976500
"Mar 18, 2017",NEM,103870000
"Mar 19, 2017",NEM,107514000
"Mar 20, 2017",NEM,146475000
"Mar 21, 2017",NEM,129631000
"Mar 22, 2017",NEM,142286000
"Mar 23, 2017",NEM,146839000
"Mar 24, 2017",NEM,134264000
"Mar 25, 2017",NEM,125381000
"Mar 26, 2017",NEM,114201000
"Mar 27, 2017",NEM,122383000
"Mar 28, 2017",NEM,119969000
"Mar 29, 2017",NEM,122347000
"Mar 30, 2017",NEM,134032000
"Mar 31, 2017",NEM,125699000
"Apr 01, 2017",NEM,134287000
"Apr 02, 2017",NEM,157994000
"Apr 03, 2017",NEM,145174000
"Apr 04, 2017",NEM,179777000
"Apr 05, 2017",NEM,164592000
"Apr 06, 2017",NEM,157325000
"Apr 07, 2017",NEM,149323000
"Apr 08, 2017",NEM,151344000
"Apr 09, 2017",NEM,166109000
"Apr 10, 2017",NEM,183982000
"Apr 11, 2017",NEM,186548000
"Apr 12, 2017",NEM,177420000
"Apr 13, 2017",NEM,187240000
"Apr 14, 2017",NEM,190834000
"Apr 15, 2017",NEM,197651000
"Apr 16, 2017",NEM,220588000
"Apr 17, 2017",NEM,217653000
"Apr 18, 2017",NEM,235395000
"Apr 19, 2017",NEM,255586000
"Apr 20, 2017",NEM,292522000
"Apr 21, 2017",NEM,254881000
"Apr 22, 2017",NEM,295305000
"Apr 23, 2017",NEM,288788000
"Apr 24, 2017",NEM,282409000
"Apr 25, 2017",NEM,309660000
"Apr 26, 2017",NEM,336824000
"Apr 27, 2017",NEM,449886000
"Apr 28, 2017",NEM,422347000
"Apr 29, 2017",NEM,436629000
"Apr 30, 2017",NEM,431966000
"May 01, 2017",NEM,461377000
"May 02, 2017",NEM,474830000
"May 03, 2017",NEM,465385000
"May 04, 2017",NEM,479835000
"May 05, 2017",NEM,570733000
"May 06, 2017",NEM,654404000
"May 07, 2017",NEM,660039000
"May 08, 2017",NEM,894815000
"May 09, 2017",NEM,1121340000
"May 10, 2017",NEM,1044170000
"May 11, 2017",NEM,1001430000
"May 12, 2017",NEM,984546000
"May 13, 2017",NEM,1180110000
"May 14, 2017",NEM,1147820000
"May 15, 2017",NEM,1131620000
"May 16, 2017",NEM,1054760000
"May 17, 2017",NEM,947727000
"May 18, 2017",NEM,1081160000
"May 19, 2017",NEM,1990100000
"May 20, 2017",NEM,1921230000
"May 21, 2017",NEM,2030090000
"May 22, 2017",NEM,2192350000
"May 23, 2017",NEM,2341210000
"May 24, 2017",NEM,2401910000
"May 25, 2017",NEM,2353880000
"May 26, 2017",NEM,1844980000
"May 27, 2017",NEM,1631650000
"May 28, 2017",NEM,1822710000
"May 29, 2017",NEM,1856770000
"May 30, 2017",NEM,1874330000
"May 31, 2017",NEM,1672130000
"Jun 01, 2017",NEM,1818990000
"Jun 02, 2017",NEM,2070530000
"Jun 03, 2017",NEM,2039810000
"Jun 04, 2017",NEM,1944480000
"Jun 05, 2017",NEM,1946560000
"Jun 06, 2017",NEM,2124690000
"Jun 07, 2017",NEM,2105850000
"Jun 08, 2017",NEM,1860060000
"Jun 09, 2017",NEM,1970650000
"Jun 10, 2017",NEM,1958400000
"Jun 11, 2017",NEM,1816140000
"Jun 12, 2017",NEM,1962130000
"Jun 13, 2017",NEM,1816250000
"Jun 14, 2017",NEM,1893100000
"Jun 15, 2017",NEM,1806020000
"Jun 16, 2017",NEM,1758410000
"Jun 17, 2017",NEM,1736280000
"Jun 18, 2017",NEM,1856380000
"Jun 19, 2017",NEM,1782000000
"Jun 20, 2017",NEM,1760000000
"Jun 21, 2017",NEM,1802150000
"Jun 22, 2017",NEM,1720520000
"Jun 23, 2017",NEM,1645960000
"Jun 24, 2017",NEM,1777710000
"Jun 25, 2017",NEM,1667510000
"Jun 26, 2017",NEM,1597940000
"Jun 27, 2017",NEM,1461290000
"Jun 28, 2017",NEM,1477110000
"Jun 29, 2017",NEM,1540500000
"Jun 30, 2017",NEM,1474290000
"Jul 01, 2017",NEM,1436360000
"Jul 02, 2017",NEM,1307290000
"Jul 03, 2017",NEM,1434680000
"Jul 04, 2017",NEM,1586620000
"Jul 05, 2017",NEM,1685080000
"Jul 06, 2017",NEM,1569400000
"Jul 07, 2017",NEM,1523510000
"Jul 08, 2017",NEM,1402870000
"Jul 09, 2017",NEM,1428980000
"Jul 10, 2017",NEM,1380660000
"Jul 11, 2017",NEM,1212930000
"Jul 12, 2017",NEM,1058530000
"Jul 13, 2017",NEM,1209350000
"Jul 14, 2017",NEM,1104370000
"Jul 15, 2017",NEM,1057430000
"Jul 16, 2017",NEM,999834000
"Jul 17, 2017",NEM,876887000
"Jul 18, 2017",NEM,1222820000
"Jul 19, 2017",NEM,1187570000
"Jul 20, 2017",NEM,1140830000
"Jul 21, 2017",NEM,1384740000
"Jul 22, 2017",NEM,1291780000
"Jul 23, 2017",NEM,1590560000
"Jul 24, 2017",NEM,1493910000
"Jul 25, 2017",NEM,1526900000
"Jul 26, 2017",NEM,1421080000
"Jul 27, 2017",NEM,1411810000
"Jul 28, 2017",NEM,1540930000
"Jul 29, 2017",NEM,1488300000
"Jul 30, 2017",NEM,1535980000
"Jul 31, 2017",NEM,1447330000
"Aug 01, 2017",NEM,1490440000
"Aug 02, 2017",NEM,1637360000
"Aug 03, 2017",NEM,1990690000
"Aug 04, 2017",NEM,2048550000
"Aug 05, 2017",NEM,2016120000
"Aug 06, 2017",NEM,2062750000
"Aug 07, 2017",NEM,2260820000
"Aug 08, 2017",NEM,2534090000
"Aug 09, 2017",NEM,2468730000
"Aug 10, 2017",NEM,2510120000
"Aug 11, 2017",NEM,2643420000
"Aug 12, 2017",NEM,2645690000
"Aug 13, 2017",NEM,2496650000
"Aug 14, 2017",NEM,2311850000
"Aug 15, 2017",NEM,2306530000
"Aug 16, 2017",NEM,2241880000
"Aug 17, 2017",NEM,2309620000
"Aug 18, 2017",NEM,2196180000
"Aug 19, 2017",NEM,2181080000
"Aug 20, 2017",NEM,2286960000
"Aug 21, 2017",NEM,2446190000
"Aug 22, 2017",NEM,2294690000
"Aug 23, 2017",NEM,2285820000
"Aug 24, 2017",NEM,2250740000
"Aug 25, 2017",NEM,2364060000
"Aug 26, 2017",NEM,2426580000
"Aug 27, 2017",NEM,2435060000
"Aug 28, 2017",NEM,2472360000
"Aug 29, 2017",NEM,2522410000
"Aug 30, 2017",NEM,2546530000
"Aug 31, 2017",NEM,2655060000
"Sep 01, 2017",NEM,3029420000
"Sep 02, 2017",NEM,2984640000
"Sep 03, 2017",NEM,2683530000
"Sep 04, 2017",NEM,2769620000
"Sep 05, 2017",NEM,2487450000
"Sep 06, 2017",NEM,2584110000
"Sep 07, 2017",NEM,2717150000
"Sep 08, 2017",NEM,2636760000
"Sep 09, 2017",NEM,2411240000
"Sep 10, 2017",NEM,2402760000
"Sep 11, 2017",NEM,2304150000
"Sep 12, 2017",NEM,2262990000
"Sep 13, 2017",NEM,2231990000
"Sep 14, 2017",NEM,2103510000
"Sep 15, 2017",NEM,1480350000
"Sep 16, 2017",NEM,1907340000
"Sep 17, 2017",NEM,1871810000
"Sep 18, 2017",NEM,1836520000
"Jan 01, 2017",Ethereum Classic,123453000
"Jan 02, 2017",Ethereum Classic,122159000
"Jan 03, 2017",Ethereum Classic,125771000
"Jan 04, 2017",Ethereum Classic,130536000
"Jan 05, 2017",Ethereum Classic,154605000
"Jan 06, 2017",Ethereum Classic,142529000
"Jan 07, 2017",Ethereum Classic,132231000
"Jan 08, 2017",Ethereum Classic,126377000
"Jan 09, 2017",Ethereum Classic,127367000
"Jan 10, 2017",Ethereum Classic,123839000
"Jan 11, 2017",Ethereum Classic,125722000
"Jan 12, 2017",Ethereum Classic,103032000
"Jan 13, 2017",Ethereum Classic,106440000
"Jan 14, 2017",Ethereum Classic,106020000
"Jan 15, 2017",Ethereum Classic,105800000
"Jan 16, 2017",Ethereum Classic,104251000
"Jan 17, 2017",Ethereum Classic,103624000
"Jan 18, 2017",Ethereum Classic,106445000
"Jan 19, 2017",Ethereum Classic,105903000
"Jan 20, 2017",Ethereum Classic,103069000
"Jan 21, 2017",Ethereum Classic,118279000
"Jan 22, 2017",Ethereum Classic,124520000
"Jan 23, 2017",Ethereum Classic,122297000
"Jan 24, 2017",Ethereum Classic,122697000
"Jan 25, 2017",Ethereum Classic,119962000
"Jan 26, 2017",Ethereum Classic,113854000
"Jan 27, 2017",Ethereum Classic,117575000
"Jan 28, 2017",Ethereum Classic,113059000
"Jan 29, 2017",Ethereum Classic,115225000
"Jan 30, 2017",Ethereum Classic,114748000
"Jan 31, 2017",Ethereum Classic,119181000
"Feb 01, 2017",Ethereum Classic,120212000
"Feb 02, 2017",Ethereum Classic,119811000
"Feb 03, 2017",Ethereum Classic,120305000
"Feb 04, 2017",Ethereum Classic,120607000
"Feb 05, 2017",Ethereum Classic,123124000
"Feb 06, 2017",Ethereum Classic,123057000
"Feb 07, 2017",Ethereum Classic,130982000
"Feb 08, 2017",Ethereum Classic,130979000
"Feb 09, 2017",Ethereum Classic,129031000
"Feb 10, 2017",Ethereum Classic,113045000
"Feb 11, 2017",Ethereum Classic,111538000
"Feb 12, 2017",Ethereum Classic,109633000
"Feb 13, 2017",Ethereum Classic,108925000
"Feb 14, 2017",Ethereum Classic,106179000
"Feb 15, 2017",Ethereum Classic,110928000
"Feb 16, 2017",Ethereum Classic,112162000
"Feb 17, 2017",Ethereum Classic,109732000
"Feb 18, 2017",Ethereum Classic,109624000
"Feb 19, 2017",Ethereum Classic,108590000
"Feb 20, 2017",Ethereum Classic,108897000
"Feb 21, 2017",Ethereum Classic,108797000
"Feb 22, 2017",Ethereum Classic,110732000
"Feb 23, 2017",Ethereum Classic,108040000
"Feb 24, 2017",Ethereum Classic,109710000
"Feb 25, 2017",Ethereum Classic,107563000
"Feb 26, 2017",Ethereum Classic,108135000
"Feb 27, 2017",Ethereum Classic,111240000
"Feb 28, 2017",Ethereum Classic,110317000
"Mar 01, 2017",Ethereum Classic,110412000
"Mar 02, 2017",Ethereum Classic,124927000
"Mar 03, 2017",Ethereum Classic,122017000
"Mar 04, 2017",Ethereum Classic,128748000
"Mar 05, 2017",Ethereum Classic,128238000
"Mar 06, 2017",Ethereum Classic,125032000
"Mar 07, 2017",Ethereum Classic,128228000
"Mar 08, 2017",Ethereum Classic,122982000
"Mar 09, 2017",Ethereum Classic,115319000
"Mar 10, 2017",Ethereum Classic,118799000
"Mar 11, 2017",Ethereum Classic,116335000
"Mar 12, 2017",Ethereum Classic,124142000
"Mar 13, 2017",Ethereum Classic,127735000
"Mar 14, 2017",Ethereum Classic,148130000
"Mar 15, 2017",Ethereum Classic,148644000
"Mar 16, 2017",Ethereum Classic,162466000
"Mar 17, 2017",Ethereum Classic,187614000
"Mar 18, 2017",Ethereum Classic,171119000
"Mar 19, 2017",Ethereum Classic,153490000
"Mar 20, 2017",Ethereum Classic,173892000
"Mar 21, 2017",Ethereum Classic,175087000
"Mar 22, 2017",Ethereum Classic,218160000
"Mar 23, 2017",Ethereum Classic,215468000
"Mar 24, 2017",Ethereum Classic,206033000
"Mar 25, 2017",Ethereum Classic,218022000
"Mar 26, 2017",Ethereum Classic,205706000
"Mar 27, 2017",Ethereum Classic,212515000
"Mar 28, 2017",Ethereum Classic,192717000
"Mar 29, 2017",Ethereum Classic,204442000
"Mar 30, 2017",Ethereum Classic,209841000
"Mar 31, 2017",Ethereum Classic,252768000
"Apr 01, 2017",Ethereum Classic,254292000
"Apr 02, 2017",Ethereum Classic,248588000
"Apr 03, 2017",Ethereum Classic,239440000
"Apr 04, 2017",Ethereum Classic,235018000
"Apr 05, 2017",Ethereum Classic,241974000
"Apr 06, 2017",Ethereum Classic,248631000
"Apr 07, 2017",Ethereum Classic,241422000
"Apr 08, 2017",Ethereum Classic,244756000
"Apr 09, 2017",Ethereum Classic,245821000
"Apr 10, 2017",Ethereum Classic,239316000
"Apr 11, 2017",Ethereum Classic,235280000
"Apr 12, 2017",Ethereum Classic,229734000
"Apr 13, 2017",Ethereum Classic,237470000
"Apr 14, 2017",Ethereum Classic,238045000
"Apr 15, 2017",Ethereum Classic,239360000
"Apr 16, 2017",Ethereum Classic,242861000
"Apr 17, 2017",Ethereum Classic,238216000
"Apr 18, 2017",Ethereum Classic,237684000
"Apr 19, 2017",Ethereum Classic,261650000
"Apr 20, 2017",Ethereum Classic,286485000
"Apr 21, 2017",Ethereum Classic,297930000
"Apr 22, 2017",Ethereum Classic,289096000
"Apr 23, 2017",Ethereum Classic,293703000
"Apr 24, 2017",Ethereum Classic,324863000
"Apr 25, 2017",Ethereum Classic,368833000
"Apr 26, 2017",Ethereum Classic,361613000
"Apr 27, 2017",Ethereum Classic,418466000
"Apr 28, 2017",Ethereum Classic,450848000
"Apr 29, 2017",Ethereum Classic,444253000
"Apr 30, 2017",Ethereum Classic,496272000
"May 01, 2017",Ethereum Classic,591840000
"May 02, 2017",Ethereum Classic,632910000
"May 03, 2017",Ethereum Classic,597190000
"May 04, 2017",Ethereum Classic,609121000
"May 05, 2017",Ethereum Classic,701217000
"May 06, 2017",Ethereum Classic,689342000
"May 07, 2017",Ethereum Classic,666100000
"May 08, 2017",Ethereum Classic,650286000
"May 09, 2017",Ethereum Classic,609381000
"May 10, 2017",Ethereum Classic,587732000
"May 11, 2017",Ethereum Classic,605901000
"May 12, 2017",Ethereum Classic,592771000
"May 13, 2017",Ethereum Classic,579371000
"May 14, 2017",Ethereum Classic,565543000
"May 15, 2017",Ethereum Classic,625436000
"May 16, 2017",Ethereum Classic,585399000
"May 17, 2017",Ethereum Classic,571892000
"May 18, 2017",Ethereum Classic,543449000
"May 19, 2017",Ethereum Classic,616144000
"May 20, 2017",Ethereum Classic,733122000
"May 21, 2017",Ethereum Classic,678664000
"May 22, 2017",Ethereum Classic,826321000
"May 23, 2017",Ethereum Classic,915912000
"May 24, 2017",Ethereum Classic,1104910000
"May 25, 2017",Ethereum Classic,1767600000
"May 26, 2017",Ethereum Classic,1519550000
"May 27, 2017",Ethereum Classic,1282250000
"May 28, 2017",Ethereum Classic,1523730000
"May 29, 2017",Ethereum Classic,1494310000
"May 30, 2017",Ethereum Classic,1577830000
"May 31, 2017",Ethereum Classic,1726710000
"Jun 01, 2017",Ethereum Classic,1624040000
"Jun 02, 2017",Ethereum Classic,1552150000
"Jun 03, 2017",Ethereum Classic,1603910000
"Jun 04, 2017",Ethereum Classic,1508760000
"Jun 05, 2017",Ethereum Classic,1607200000
"Jun 06, 2017",Ethereum Classic,1601600000
"Jun 07, 2017",Ethereum Classic,1615920000
"Jun 08, 2017",Ethereum Classic,1619690000
"Jun 09, 2017",Ethereum Classic,1620430000
"Jun 10, 2017",Ethereum Classic,1612890000
"Jun 11, 2017",Ethereum Classic,1803650000
"Jun 12, 2017",Ethereum Classic,1995200000
"Jun 13, 2017",Ethereum Classic,1874700000
"Jun 14, 2017",Ethereum Classic,1921790000
"Jun 15, 2017",Ethereum Classic,1746400000
"Jun 16, 2017",Ethereum Classic,1697750000
"Jun 17, 2017",Ethereum Classic,1703170000
"Jun 18, 2017",Ethereum Classic,2134890000
"Jun 19, 2017",Ethereum Classic,2044860000
"Jun 20, 2017",Ethereum Classic,2135600000
"Jun 21, 2017",Ethereum Classic,2013030000
"Jun 22, 2017",Ethereum Classic,1927380000
"Jun 23, 2017",Ethereum Classic,1931450000
"Jun 24, 2017",Ethereum Classic,1984090000
"Jun 25, 2017",Ethereum Classic,1871250000
"Jun 26, 2017",Ethereum Classic,2001190000
"Jun 27, 2017",Ethereum Classic,1830180000
"Jun 28, 2017",Ethereum Classic,1782010000
"Jun 29, 2017",Ethereum Classic,1825930000
"Jun 30, 2017",Ethereum Classic,1731060000
"Jul 01, 2017",Ethereum Classic,1745950000
"Jul 02, 2017",Ethereum Classic,1652150000
"Jul 03, 2017",Ethereum Classic,1669210000
"Jul 04, 2017",Ethereum Classic,1662670000
"Jul 05, 2017",Ethereum Classic,1682750000
"Jul 06, 2017",Ethereum Classic,1657550000
"Jul 07, 2017",Ethereum Classic,1675380000
"Jul 08, 2017",Ethereum Classic,1562560000
"Jul 09, 2017",Ethereum Classic,1584440000
"Jul 10, 2017",Ethereum Classic,1516460000
"Jul 11, 2017",Ethereum Classic,1421880000
"Jul 12, 2017",Ethereum Classic,1373170000
"Jul 13, 2017",Ethereum Classic,1874350000
"Jul 14, 2017",Ethereum Classic,1722240000
"Jul 15, 2017",Ethereum Classic,1646950000
"Jul 16, 2017",Ethereum Classic,1376490000
"Jul 17, 2017",Ethereum Classic,1348150000
"Jul 18, 2017",Ethereum Classic,1451740000
"Jul 19, 2017",Ethereum Classic,1538640000
"Jul 20, 2017",Ethereum Classic,1400840000
"Jul 21, 2017",Ethereum Classic,1510790000
"Jul 22, 2017",Ethereum Classic,1511020000
"Jul 23, 2017",Ethereum Classic,1549590000
"Jul 24, 2017",Ethereum Classic,1486560000
"Jul 25, 2017",Ethereum Classic,1491550000
"Jul 26, 2017",Ethereum Classic,1395600000
"Jul 27, 2017",Ethereum Classic,1390780000
"Jul 28, 2017",Ethereum Classic,1376840000
"Jul 29, 2017",Ethereum Classic,1330870000
"Jul 30, 2017",Ethereum Classic,1347810000
"Jul 31, 2017",Ethereum Classic,1295940000
"Aug 01, 2017",Ethereum Classic,1319170000
"Aug 02, 2017",Ethereum Classic,1374450000
"Aug 03, 2017",Ethereum Classic,1390050000
"Aug 04, 2017",Ethereum Classic,1447760000
"Aug 05, 2017",Ethereum Classic,1415870000
"Aug 06, 2017",Ethereum Classic,1504680000
"Aug 07, 2017",Ethereum Classic,1445300000
"Aug 08, 2017",Ethereum Classic,1442970000
"Aug 09, 2017",Ethereum Classic,1497320000
"Aug 10, 2017",Ethereum Classic,1453210000
"Aug 11, 2017",Ethereum Classic,1431410000
"Aug 12, 2017",Ethereum Classic,1433430000
"Aug 13, 2017",Ethereum Classic,1396350000
"Aug 14, 2017",Ethereum Classic,1350180000
"Aug 15, 2017",Ethereum Classic,1330550000
"Aug 16, 2017",Ethereum Classic,1294140000
"Aug 17, 2017",Ethereum Classic,1346400000
"Aug 18, 2017",Ethereum Classic,1314260000
"Aug 19, 2017",Ethereum Classic,1311790000
"Aug 20, 2017",Ethereum Classic,1295520000
"Aug 21, 2017",Ethereum Classic,1316110000
"Aug 22, 2017",Ethereum Classic,1380860000
"Aug 23, 2017",Ethereum Classic,1372030000
"Aug 24, 2017",Ethereum Classic,1456290000
"Aug 25, 2017",Ethereum Classic,1434760000
"Aug 26, 2017",Ethereum Classic,1450080000
"Aug 27, 2017",Ethereum Classic,1449670000
"Aug 28, 2017",Ethereum Classic,1527600000
"Aug 29, 2017",Ethereum Classic,1499090000
"Aug 30, 2017",Ethereum Classic,1500740000
"Aug 31, 2017",Ethereum Classic,1489950000
"Sep 01, 2017",Ethereum Classic,1559510000
"Sep 02, 2017",Ethereum Classic,2096550000
"Sep 03, 2017",Ethereum Classic,1920050000
"Sep 04, 2017",Ethereum Classic,1764650000
"Sep 05, 2017",Ethereum Classic,1506490000
"Sep 06, 2017",Ethereum Classic,1579610000
"Sep 07, 2017",Ethereum Classic,1810900000
"Sep 08, 2017",Ethereum Classic,1701770000
"Sep 09, 2017",Ethereum Classic,1443530000
"Sep 10, 2017",Ethereum Classic,1415090000
"Sep 11, 2017",Ethereum Classic,1299470000
"Sep 12, 2017",Ethereum Classic,1399560000
"Sep 13, 2017",Ethereum Classic,1379350000
"Sep 14, 2017",Ethereum Classic,1341200000
"Sep 15, 2017",Ethereum Classic,868471000
"Sep 16, 2017",Ethereum Classic,978667000
"Sep 17, 2017",Ethereum Classic,948141000
"Sep 18, 2017",Ethereum Classic,957337000
"Jan 01, 2017",IOTA,
"Jan 02, 2017",IOTA,
"Jan 03, 2017",IOTA,
"Jan 04, 2017",IOTA,
"Jan 05, 2017",IOTA,
"Jan 06, 2017",IOTA,
"Jan 07, 2017",IOTA,
"Jan 08, 2017",IOTA,
"Jan 09, 2017",IOTA,
"Jan 10, 2017",IOTA,
"Jan 11, 2017",IOTA,
"Jan 12, 2017",IOTA,
"Jan 13, 2017",IOTA,
"Jan 14, 2017",IOTA,
"Jan 15, 2017",IOTA,
"Jan 16, 2017",IOTA,
"Jan 17, 2017",IOTA,
"Jan 18, 2017",IOTA,
"Jan 19, 2017",IOTA,
"Jan 20, 2017",IOTA,
"Jan 21, 2017",IOTA,
"Jan 22, 2017",IOTA,
"Jan 23, 2017",IOTA,
"Jan 24, 2017",IOTA,
"Jan 25, 2017",IOTA,
"Jan 26, 2017",IOTA,
"Jan 27, 2017",IOTA,
"Jan 28, 2017",IOTA,
"Jan 29, 2017",IOTA,
"Jan 30, 2017",IOTA,
"Jan 31, 2017",IOTA,
"Feb 01, 2017",IOTA,
"Feb 02, 2017",IOTA,
"Feb 03, 2017",IOTA,
"Feb 04, 2017",IOTA,
"Feb 05, 2017",IOTA,
"Feb 06, 2017",IOTA,
"Feb 07, 2017",IOTA,
"Feb 08, 2017",IOTA,
"Feb 09, 2017",IOTA,
"Feb 10, 2017",IOTA,
"Feb 11, 2017",IOTA,
"Feb 12, 2017",IOTA,
"Feb 13, 2017",IOTA,
"Feb 14, 2017",IOTA,
"Feb 15, 2017",IOTA,
"Feb 16, 2017",IOTA,
"Feb 17, 2017",IOTA,
"Feb 18, 2017",IOTA,
"Feb 19, 2017",IOTA,
"Feb 20, 2017",IOTA,
"Feb 21, 2017",IOTA,
"Feb 22, 2017",IOTA,
"Feb 23, 2017",IOTA,
"Feb 24, 2017",IOTA,
"Feb 25, 2017",IOTA,
"Feb 26, 2017",IOTA,
"Feb 27, 2017",IOTA,
"Feb 28, 2017",IOTA,
"Mar 01, 2017",IOTA,
"Mar 02, 2017",IOTA,
"Mar 03, 2017",IOTA,
"Mar 04, 2017",IOTA,
"Mar 05, 2017",IOTA,
"Mar 06, 2017",IOTA,
"Mar 07, 2017",IOTA,
"Mar 08, 2017",IOTA,
"Mar 09, 2017",IOTA,
"Mar 10, 2017",IOTA,
"Mar 11, 2017",IOTA,
"Mar 12, 2017",IOTA,
"Mar 13, 2017",IOTA,
"Mar 14, 2017",IOTA,
"Mar 15, 2017",IOTA,
"Mar 16, 2017",IOTA,
"Mar 17, 2017",IOTA,
"Mar 18, 2017",IOTA,
"Mar 19, 2017",IOTA,
"Mar 20, 2017",IOTA,
"Mar 21, 2017",IOTA,
"Mar 22, 2017",IOTA,
"Mar 23, 2017",IOTA,
"Mar 24, 2017",IOTA,
"Mar 25, 2017",IOTA,
"Mar 26, 2017",IOTA,
"Mar 27, 2017",IOTA,
"Mar 28, 2017",IOTA,
"Mar 29, 2017",IOTA,
"Mar 30, 2017",IOTA,
"Mar 31, 2017",IOTA,
"Apr 01, 2017",IOTA,
"Apr 02, 2017",IOTA,
"Apr 03, 2017",IOTA,
"Apr 04, 2017",IOTA,
"Apr 05, 2017",IOTA,
"Apr 06, 2017",IOTA,
"Apr 07, 2017",IOTA,
"Apr 08, 2017",IOTA,
"Apr 09, 2017",IOTA,
"Apr 10, 2017",IOTA,
"Apr 11, 2017",IOTA,
"Apr 12, 2017",IOTA,
"Apr 13, 2017",IOTA,
"Apr 14, 2017",IOTA,
"Apr 15, 2017",IOTA,
"Apr 16, 2017",IOTA,
"Apr 17, 2017",IOTA,
"Apr 18, 2017",IOTA,
"Apr 19, 2017",IOTA,
"Apr 20, 2017",IOTA,
"Apr 21, 2017",IOTA,
"Apr 22, 2017",IOTA,
"Apr 23, 2017",IOTA,
"Apr 24, 2017",IOTA,
"Apr 25, 2017",IOTA,
"Apr 26, 2017",IOTA,
"Apr 27, 2017",IOTA,
"Apr 28, 2017",IOTA,
"Apr 29, 2017",IOTA,
"Apr 30, 2017",IOTA,
"May 01, 2017",IOTA,
"May 02, 2017",IOTA,
"May 03, 2017",IOTA,
"May 04, 2017",IOTA,
"May 05, 2017",IOTA,
"May 06, 2017",IOTA,
"May 07, 2017",IOTA,
"May 08, 2017",IOTA,
"May 09, 2017",IOTA,
"May 10, 2017",IOTA,
"May 11, 2017",IOTA,
"May 12, 2017",IOTA,
"May 13, 2017",IOTA,
"May 14, 2017",IOTA,
"May 15, 2017",IOTA,
"May 16, 2017",IOTA,
"May 17, 2017",IOTA,
"May 18, 2017",IOTA,
"May 19, 2017",IOTA,
"May 20, 2017",IOTA,
"May 21, 2017",IOTA,
"May 22, 2017",IOTA,
"May 23, 2017",IOTA,
"May 24, 2017",IOTA,
"May 25, 2017",IOTA,
"May 26, 2017",IOTA,
"May 27, 2017",IOTA,
"May 28, 2017",IOTA,
"May 29, 2017",IOTA,
"May 30, 2017",IOTA,
"May 31, 2017",IOTA,
"Jun 01, 2017",IOTA,
"Jun 02, 2017",IOTA,
"Jun 03, 2017",IOTA,
"Jun 04, 2017",IOTA,
"Jun 05, 2017",IOTA,
"Jun 06, 2017",IOTA,
"Jun 07, 2017",IOTA,
"Jun 08, 2017",IOTA,
"Jun 09, 2017",IOTA,
"Jun 10, 2017",IOTA,
"Jun 11, 2017",IOTA,
"Jun 12, 2017",IOTA,
"Jun 13, 2017",IOTA,1774740000
"Jun 14, 2017",IOTA,1646450000
"Jun 15, 2017",IOTA,1468380000
"Jun 16, 2017",IOTA,981966000
"Jun 17, 2017",IOTA,1186200000
"Jun 18, 2017",IOTA,1169060000
"Jun 19, 2017",IOTA,1126980000
"Jun 20, 2017",IOTA,1151560000
"Jun 21, 2017",IOTA,1165840000
"Jun 22, 2017",IOTA,1148980000
"Jun 23, 2017",IOTA,1161200000
"Jun 24, 2017",IOTA,1341870000
"Jun 25, 2017",IOTA,1429190000
"Jun 26, 2017",IOTA,1306910000
"Jun 27, 2017",IOTA,1145140000
"Jun 28, 2017",IOTA,1111460000
"Jun 29, 2017",IOTA,1044460000
"Jun 30, 2017",IOTA,1159530000
"Jul 01, 2017",IOTA,1118190000
"Jul 02, 2017",IOTA,1089240000
"Jul 03, 2017",IOTA,1053600000
"Jul 04, 2017",IOTA,1042050000
"Jul 05, 2017",IOTA,1101450000
"Jul 06, 2017",IOTA,1056920000
"Jul 07, 2017",IOTA,988966000
"Jul 08, 2017",IOTA,795402000
"Jul 09, 2017",IOTA,826569000
"Jul 10, 2017",IOTA,846301000
"Jul 11, 2017",IOTA,596881000
"Jul 12, 2017",IOTA,531237000
"Jul 13, 2017",IOTA,636787000
"Jul 14, 2017",IOTA,592038000
"Jul 15, 2017",IOTA,487076000
"Jul 16, 2017",IOTA,439057000
"Jul 17, 2017",IOTA,502309000
"Jul 18, 2017",IOTA,735378000
"Jul 19, 2017",IOTA,745365000
"Jul 20, 2017",IOTA,649028000
"Jul 21, 2017",IOTA,819295000
"Jul 22, 2017",IOTA,732099000
"Jul 23, 2017",IOTA,760738000
"Jul 24, 2017",IOTA,736952000
"Jul 25, 2017",IOTA,741654000
"Jul 26, 2017",IOTA,696469000
"Jul 27, 2017",IOTA,769512000
"Jul 28, 2017",IOTA,764026000
"Jul 29, 2017",IOTA,740931000
"Jul 30, 2017",IOTA,770872000
"Jul 31, 2017",IOTA,708959000
"Aug 01, 2017",IOTA,713408000
"Aug 02, 2017",IOTA,806440000
"Aug 03, 2017",IOTA,796552000
"Aug 04, 2017",IOTA,923468000
"Aug 05, 2017",IOTA,1092850000
"Aug 06, 2017",IOTA,1133190000
"Aug 07, 2017",IOTA,1197430000
"Aug 08, 2017",IOTA,1317150000
"Aug 09, 2017",IOTA,1520740000
"Aug 10, 2017",IOTA,1489290000
"Aug 11, 2017",IOTA,1571890000
"Aug 12, 2017",IOTA,1821120000
"Aug 13, 2017",IOTA,2007290000
"Aug 14, 2017",IOTA,2256250000
"Aug 15, 2017",IOTA,2716490000
"Aug 16, 2017",IOTA,2542510000
"Aug 17, 2017",IOTA,2904020000
"Aug 18, 2017",IOTA,2819080000
"Aug 19, 2017",IOTA,2422580000
"Aug 20, 2017",IOTA,2699540000
"Aug 21, 2017",IOTA,2522210000
"Aug 22, 2017",IOTA,2506520000
"Aug 23, 2017",IOTA,2341800000
"Aug 24, 2017",IOTA,2373840000
"Aug 25, 2017",IOTA,2486940000
"Aug 26, 2017",IOTA,2545840000
"Aug 27, 2017",IOTA,2674070000
"Aug 28, 2017",IOTA,2564020000
"Aug 29, 2017",IOTA,2437350000
"Aug 30, 2017",IOTA,2259140000
"Aug 31, 2017",IOTA,2416950000
"Sep 01, 2017",IOTA,2342770000
"Sep 02, 2017",IOTA,2214060000
"Sep 03, 2017",IOTA,1942490000
"Sep 04, 2017",IOTA,2068680000
"Sep 05, 2017",IOTA,1512430000
"Sep 06, 2017",IOTA,1705320000
"Sep 07, 2017",IOTA,2055930000
"Sep 08, 2017",IOTA,1801830000
"Sep 09, 2017",IOTA,1461860000
"Sep 10, 2017",IOTA,1560160000
"Sep 11, 2017",IOTA,1385260000
"Sep 12, 2017",IOTA,1561250000
"Sep 13, 2017",IOTA,1646910000
"Sep 14, 2017",IOTA,1572770000
"Sep 15, 2017",IOTA,1238840000
"Sep 16, 2017",IOTA,1332470000
"Sep 17, 2017",IOTA,1347400000
"Sep 18, 2017",IOTA,1380860000